OBJECTID,TPCondition,GenusSpecies,SpeciesGroup,Date,RiskRating,Age,Inspection
971204,Excellent,Abies alba - silver fir,Other,10/16/2019 12:36:00 PM,4,10,0
2918492,Dead,Acer - maple,Other,03/15/2016 04:04:00 PM,,1,0
963554,Poor,Acer - maple,Other,10/7/19 17:11,,6,0
1013971,Good,Acer griseum - paperbark maple,Acer,10/23/2019 03:03:00 PM,3,7,1
1039124,Fair,Acer platanoides - Norway maple,Acer,10/28/2019 03:30:00 PM,8,1,1
2253978,Dead,Acer platanoides - Norway maple,Acer,1/5/16 16:55,7,7,0
986894,Good,Acer platanoides - Norway maple,Acer,10/17/2019 11:04:00 PM,3,2,0
1260118,Fair,Acer platanoides - Norway maple,Acer,10/20/2015 01:44:00 PM,7,9,1
978734,Critical,Acer platanoides - Norway maple,Acer,10/17/2019 11:43:00 AM,,6,0
174925,Dead,Acer platanoides - Norway maple,Acer,04/30/2015 11:28:00 AM,9,5,1
1027021,Good,Acer platanoides - Norway maple,Acer,10/24/2019 06:58:00 PM,6,10,1
4682272,Dead,Acer platanoides - Norway maple,Acer,11/2/16 16:59,10,8,1
2570967,Poor,Acer platanoides - Norway maple,Acer,02/16/2016 07:15:00 PM,,4,0
1003900,Good,Acer platanoides - Norway maple,Acer,10/21/2019 02:05:00 PM,6,8,0
4134552,Dead,Acer platanoides - Norway maple,Acer,07/27/2016 03:22:00 PM,9,8,1
1448899,Good,Acer platanoides - Norway maple,Acer,10/29/2015 03:46:00 PM,7,2,0
992617,Good,Acer platanoides - Norway maple,Acer,10/18/2019 03:51:00 PM,3,5,0
2641291,Dead,Acer platanoides - Norway maple,Acer,2/12/16 17:14,10,9,1
4791113,Fair,Acer platanoides - Norway maple,Acer,12/27/2016 08:20:04 AM,7,7,1
1395967,Good,Acer platanoides - Norway maple,Acer,10/29/2015 12:43:00 PM,4,2,0
2915828,Poor,Acer platanoides - Norway maple,Acer,03/15/2016 03:55:00 PM,9,7,1
1024807,Fair,Acer platanoides - Norway maple,Acer,10/24/2019 04:50:00 PM,7,6,1
2270973,Dead,Acer platanoides - Norway maple,Acer,1/5/16 19:57,4,5,0
994762,Good,Acer platanoides - Norway maple,Acer,10/18/2019 05:10:00 PM,3,10,0
1026587,Good,Acer platanoides - Norway maple,Acer,10/24/2019 06:41:00 PM,6,10,1
1024389,Good,Acer platanoides - Norway maple,Acer,10/24/2019 04:33:00 PM,6,10,1
995163,Good,Acer platanoides - Norway maple,Acer,10/18/2019 04:07:00 PM,3,2,0
3367536,Good,Acer platanoides - Norway maple,Acer,5/11/16 17:34,7,3,0
1424548,Poor,Acer platanoides - Norway maple,Acer,10/29/2015 02:22:00 PM,8,9,1
3655501,Dead,Acer platanoides - Norway maple,Acer,5/11/16 20:51,9,4,1
1415424,Poor,Acer platanoides - Norway maple,Acer,10/29/2015 01:50:46 PM,9,5,1
1357355,Dead,Acer platanoides - Norway maple,Acer,10/27/2015 02:59:00 PM,3,10,0
1449430,Dead,Acer platanoides - Norway maple,Acer,10/29/2015 03:48:00 PM,5,1,0
2540858,Poor,Acer platanoides - Norway maple,Acer,2/12/16 14:49,8,5,1
947896,Unknown,Acer platanoides - Norway maple,Acer,09/23/2015 01:47:00 PM,,1,0
4633544,Good,Acer platanoides - Norway maple,Acer,11/2/16 16:59,7,1,0
4673752,Dead,Acer platanoides - Norway maple,Acer,11/2/16 16:59,10,2,1
988508,Good,Acer platanoides - Norway maple,Acer,10/18/2019 12:39:00 AM,3,2,0
4135600,Good,Acer platanoides 'Not Green Leaf' - 'Not Green Leaf' Norway maple,Acer,8/10/16 12:11,5,8,0
4702997,Dead,Acer pseudoplatanus - sycamore maple,Acer,11/2/16 16:59,9,6,1
2631577,Dead,Acer rubrum - red maple,Acer,2/12/16 16:25,7,2,0
4594892,Excellent,Acer rubrum - red maple,Acer,10/27/2016 11:11:11 AM,,8,0
4594251,Excellent,Acer rubrum - red maple,Acer,10/27/2016 11:11:11 AM,,8,0
4594836,Excellent,Acer rubrum - red maple,Acer,10/27/2016 11:11:11 AM,,7,0
4594312,Excellent,Acer rubrum - red maple,Acer,10/27/2016 11:11:11 AM,,7,0
4595260,Excellent,Acer rubrum - red maple,Acer,10/27/2016 11:11:11 AM,,10,0
4594146,Excellent,Acer rubrum - red maple,Acer,10/27/2016 11:11:11 AM,,7,1
4595190,Excellent,Acer rubrum - red maple,Acer,10/27/2016 11:11:11 AM,,4,1
4594287,Excellent,Acer rubrum - red maple,Acer,10/27/2016 11:11:00 AM,,6,1
4595110,Excellent,Acer rubrum - red maple,Acer,10/27/2016 11:11:11 AM,,1,1
4595125,Excellent,Acer rubrum - red maple,Acer,10/27/2016 11:11:11 AM,,10,0
4595133,Excellent,Acer rubrum - red maple,Acer,10/27/2016 11:11:11 AM,,1,0
576595,Good,Acer rubrum - red maple,Acer,08/25/2015 10:40:33 AM,6,1,0
4595124,Excellent,Acer rubrum - red maple,Acer,10/27/2016 11:11:11 AM,,7,0
5309750,Good,Acer rubrum - red maple,Acer,4/11/18 11:11,6,6,0
4594295,Excellent,Acer rubrum - red maple,Acer,10/27/2016 11:11:11 AM,,6,0
2642035,Poor,Acer saccharinum - silver maple,Acer,2/12/16 17:17,7,8,0
4042072,Fair,Acer saccharinum - silver maple,Acer,8/1/16 15:08,10,1,1
3641093,Good,Acer saccharum - sugar maple,Acer,5/11/16 18:45,3,4,0
4594579,Excellent,Acer x freemanii - Freeman maple,Acer,10/27/2016 11:11:00 AM,,5,0
4595486,Excellent,Aesculus x carnea - red horse-chestnut,Other,10/27/2016 11:11:00 AM,,6,0
2387747,Dead,Ailanthus altissima - tree of heaven,Other,2/4/16 13:59,3,2,1
1003039,Poor,Ailanthus altissima - tree of heaven,Other,10/19/2019 10:33:00 PM,7,8,1
1429385,Dead,Ailanthus altissima - tree of heaven,Other,10/29/2015 02:38:00 PM,,7,1
2643112,Good,Amelanchier - serviceberry,Other,2/12/16 17:23,,5,1
585320,Good,Amelanchier - serviceberry,Other,08/25/2015 11:04:00 AM,5,7,1
4595708,Excellent,Amelanchier laevis - Allegheny serviceberry,Other,10/27/2016 11:11:11 AM,,10,1
6075068,Good,Betula nigra - river birch,Other,03/18/2019 02:56:14 PM,6,9,0
4595774,Excellent,Betula nigra - river birch,Other,10/27/2016 11:11:00 AM,,2,0
5585828,Good,Betula pendula - European white birch,Other,11/7/18 11:11,8,8,1
4596253,Excellent,Carpinus betulus - European hornbeam,Other,10/27/2016 11:11:00 AM,,5,0
4596228,Excellent,Carpinus betulus - European hornbeam,Other,10/27/2016 11:11:11 AM,,1,0
4595805,Excellent,Carpinus betulus - European hornbeam,Other,10/27/2016 11:11:11 AM,,3,0
4596011,Excellent,Carpinus betulus - European hornbeam,Other,10/27/2016 11:11:11 AM,,6,0
4596656,Excellent,Carpinus caroliniana - American hornbeam,Other,10/27/2016 11:11:11 AM,,5,0
4596688,Excellent,Carpinus caroliniana - American hornbeam,Other,10/27/2016 11:11:11 AM,,10,0
4596631,Excellent,Carpinus caroliniana - American hornbeam,Other,10/27/2016 11:11:11 AM,,6,0
4596482,Excellent,Carpinus caroliniana - American hornbeam,Other,10/27/2016 11:11:11 AM,,7,0
4596453,Excellent,Carpinus caroliniana - American hornbeam,Other,10/27/2016 11:11:11 AM,,6,0
986897,Good,Carya cordiformis - bitternut hickory,Other,10/17/2019 11:28:00 PM,6,8,0
4596821,Excellent,Catalpa speciosa - northern catalpa,Other,10/27/2016 11:11:11 AM,,2,0
4596818,Excellent,Catalpa speciosa - northern catalpa,Other,10/27/2016 11:11:11 AM,,5,0
4597333,Excellent,Celtis occidentalis - common hackberry,Other,10/27/2016 11:11:11 AM,,6,0
4597418,Excellent,Celtis occidentalis - common hackberry,Other,10/27/2016 11:11:00 AM,,4,0
4597632,Excellent,Celtis occidentalis - common hackberry,Other,10/27/2016 11:11:11 AM,,1,0
4597254,Excellent,Cercidiphyllum japonicum - katsura tree,Other,10/27/2016 11:11:11 AM,,5,0
4596948,Excellent,Cercis canadensis - eastern redbud,Other,10/27/2016 11:11:11 AM,,9,0
4597027,Excellent,Cercis canadensis - eastern redbud,Other,10/27/2016 11:11:11 AM,,9,0
4596954,Excellent,Cercis canadensis - eastern redbud,Other,10/27/2016 11:11:11 AM,,5,0
4596949,Excellent,Cercis canadensis - eastern redbud,Other,10/27/2016 11:11:11 AM,,2,1
4597031,Excellent,Cercis canadensis - eastern redbud,Other,10/27/2016 11:11:11 AM,,7,1
4596876,Excellent,Cercis canadensis - eastern redbud,Other,10/27/2016 11:11:11 AM,,9,1
4596968,Excellent,Cercis canadensis - eastern redbud,Other,10/27/2016 11:11:00 AM,,9,1
4597189,Excellent,Cercis canadensis - eastern redbud,Other,10/27/2016 11:11:11 AM,,2,1
4597783,Excellent,Chamaecyparis thyoides - Atlantic white cedar,Other,10/27/2016 11:11:11 AM,,1,0
4597644,Excellent,Chamaecyparis thyoides - Atlantic white cedar,Other,10/27/2016 11:11:00 AM,,10,0
5344289,Critical,Chamaecyparis thyoides - Atlantic white cedar,Other,5/2/18 11:11,8,3,1
4597710,Excellent,Chamaecyparis thyoides - Atlantic white cedar,Other,10/27/2016 11:11:00 AM,,4,0
4597686,Excellent,Chamaecyparis thyoides - Atlantic white cedar,Other,10/27/2016 11:11:11 AM,,1,0
4597855,Excellent,Chionanthus retusus - Chinese fringetree,Other,10/27/2016 11:11:11 AM,,9,0
2589020,Good,Chionanthus retusus - Chinese fringetree,Other,1/5/16 12:27,3,6,0
4597861,Excellent,Chionanthus retusus - Chinese fringetree,Other,10/27/2016 11:11:11 AM,,8,0
2424142,Poor,Cladrastis kentukea - Kentucky yellowwood,Other,1/5/16 18:15,6,1,0
4597923,Excellent,Cladrastis kentukea - Kentucky yellowwood,Other,10/27/2016 11:11:11 AM,,8,0
4929002,Poor,Cornus florida - flowering dogwood,Other,04/20/2017 11:11:00 AM,3,1,0
1034352,Fair,Crataegus - Hawthorn,Other,10/25/2019 07:52:00 PM,3,8,1
4598225,Excellent,Crataegus - Hawthorn,Other,10/27/2016 11:11:11 AM,,7,0
1031169,Good,Crataegus - Hawthorn,Other,10/25/2019 02:44:00 PM,3,3,0
4598298,Excellent,Crataegus - Hawthorn,Other,10/27/2016 11:11:11 AM,,6,1
4598706,Excellent,Eucommia ulmoides - Hardy Rubber Tree,Other,10/27/2016 11:11:11 AM,,1,1
4598645,Excellent,Eucommia ulmoides - Hardy Rubber Tree,Other,10/27/2016 11:11:11 AM,,3,0
4598623,Excellent,Eucommia ulmoides - Hardy Rubber Tree,Other,10/27/2016 11:11:00 AM,,5,0
4598448,Excellent,Eucommia ulmoides - Hardy Rubber Tree,Other,10/27/2016 11:11:11 AM,,7,0
4598613,Excellent,Eucommia ulmoides - Hardy Rubber Tree,Other,10/27/2016 11:11:11 AM,,9,0
4598772,Excellent,Eucommia ulmoides - Hardy Rubber Tree,Other,10/27/2016 11:11:00 AM,,10,0
583848,Fair,Eucommia ulmoides - Hardy Rubber Tree,Other,08/25/2015 11:00:00 AM,6,4,1
4598888,Excellent,Fagus sylvatica - European beech,Other,10/27/2016 11:11:00 AM,,10,0
4598828,Excellent,Fagus sylvatica - European beech,Other,10/27/2016 11:11:11 AM,,1,0
4598906,Excellent,Fagus sylvatica - European beech,Other,10/27/2016 11:11:11 AM,,10,0
2560633,Fair,Fraxinus americana - white ash,Other,2/12/16 17:05,6,6,1
259263,Good,Fraxinus americana - white ash,Other,07/17/2015 03:14:00 PM,,1,0
2536461,Poor,Fraxinus pennsylvanica - Green ash,Other,2/12/16 14:21,8,10,1
2264997,Fair,Fraxinus pennsylvanica - Green ash,Other,1/5/16 19:30,5,4,1
354643,Dead,Fraxinus pennsylvanica - Green ash,Other,8/6/15 17:19,7,8,0
2537522,Fair,Fraxinus pennsylvanica - Green ash,Other,2/12/16 14:28,6,3,1
3651190,Fair,Fraxinus pennsylvanica - Green ash,Other,5/11/16 17:56,6,5,1
1053299,Good,Fraxinus pennsylvanica - Green ash,Other,10/1/15 13:48,5,3,0
4012699,Fair,Fraxinus pennsylvanica - Green ash,Other,07/27/2016 01:31:26 PM,7,8,1
3357432,Fair,Fraxinus pennsylvanica - Green ash,Other,5/11/16 18:16,7,6,1
2495951,Fair,Fraxinus pennsylvanica - Green ash,Other,1/5/16 15:33,6,4,1
590627,Fair,Fraxinus pennsylvanica - Green ash,Other,08/25/2015 11:19:18 AM,7,6,1
952535,Fair,Fraxinus pennsylvanica - Green ash,Other,10/1/19 15:55,5,2,1
1021215,Good,Ginkgo biloba - maidenhair tree,Other,10/24/2019 01:34:00 PM,3,2,0
2141921,Good,Ginkgo biloba - maidenhair tree,Other,1/5/16 15:48,3,2,0
3349231,Good,Ginkgo biloba - maidenhair tree,Other,5/11/16 17:22,3,6,0
1022593,Good,Ginkgo biloba - maidenhair tree,Other,10/24/2019 02:58:00 PM,3,5,0
1022183,Good,Ginkgo biloba - maidenhair tree,Other,10/24/2019 03:19:00 PM,3,2,0
2131622,Good,Ginkgo biloba - maidenhair tree,Other,1/5/16 13:47,3,3,0
4599063,Good,Ginkgo biloba - maidenhair tree,Other,10/27/2016 11:11:11 AM,,9,0
3342284,Good,Ginkgo biloba - maidenhair tree,Other,5/11/16 20:07,3,2,0
4599096,Excellent,Ginkgo biloba - maidenhair tree,Other,10/27/2016 11:11:00 AM,,6,1
4598919,Excellent,Ginkgo biloba - maidenhair tree,Other,10/27/2016 11:11:11 AM,,9,1
4599470,Excellent,Ginkgo biloba - maidenhair tree,Other,10/27/2016 11:11:00 AM,,1,1
4599418,Excellent,Ginkgo biloba - maidenhair tree,Other,10/27/2016 11:11:11 AM,,8,0
578471,Good,Ginkgo biloba - maidenhair tree,Other,08/25/2015 10:45:52 AM,5,7,0
4599557,Excellent,Ginkgo biloba - maidenhair tree,Other,10/27/2016 11:11:11 AM,,4,1
4599163,Excellent,Ginkgo biloba - maidenhair tree,Other,10/27/2016 11:11:11 AM,,3,1
2129753,Good,Ginkgo biloba - maidenhair tree,Other,1/5/16 13:33,4,6,1
4599159,Excellent,Ginkgo biloba - maidenhair tree,Other,10/27/2016 11:11:11 AM,,4,1
950159,Good,Gleditsia triacanthos var. inermis - Thornless honeylocust,Gleditsia,10/1/19 14:45,6,4,0
4112140,Good,Gleditsia triacanthos var. inermis - Thornless honeylocust,Gleditsia,8/11/16 10:17,6,6,0
4600204,Excellent,Gleditsia triacanthos var. inermis - Thornless honeylocust,Gleditsia,10/27/2016 11:11:00 AM,,2,0
4949424,Fair,Gleditsia triacanthos var. inermis - Thornless honeylocust,Gleditsia,05/18/2017 11:11:00 AM,7,3,1
583886,Fair,Gleditsia triacanthos var. inermis - Thornless honeylocust,Gleditsia,08/25/2015 11:00:00 AM,6,9,1
4599844,Excellent,Gleditsia triacanthos var. inermis - Thornless honeylocust,Gleditsia,10/27/2016 11:11:00 AM,,4,0
583641,Good,Gleditsia triacanthos var. inermis - Thornless honeylocust,Gleditsia,08/25/2015 10:59:47 AM,3,4,0
3649317,Good,Gleditsia triacanthos var. inermis - Thornless honeylocust,Gleditsia,5/11/16 19:56,6,7,0
4600014,Excellent,Gleditsia triacanthos var. inermis - Thornless honeylocust,Gleditsia,10/27/2016 11:11:00 AM,,3,0
2259760,Good,Gleditsia triacanthos var. inermis - Thornless honeylocust,Gleditsia,1/5/16 18:41,6,5,0
4599782,Excellent,Gleditsia triacanthos var. inermis - Thornless honeylocust,Gleditsia,10/27/2016 11:11:11 AM,,9,0
1435266,Fair,Gleditsia triacanthos var. inermis - Thornless honeylocust,Gleditsia,10/29/2015 02:58:00 PM,6,6,1
2145519,Poor,Gleditsia triacanthos var. inermis - Thornless honeylocust,Gleditsia,1/5/16 18:36,5,4,0
5319257,Good,Gleditsia triacanthos var. inermis - Thornless honeylocust,Gleditsia,4/12/18 18:05,3,1,0
3984574,Good,Gleditsia triacanthos var. inermis - Thornless honeylocust,Gleditsia,07/27/2016 01:17:39 PM,5,3,0
1021214,Good,Gleditsia triacanthos var. inermis - Thornless honeylocust,Gleditsia,10/24/2019 01:32:00 PM,3,10,0
4599721,Excellent,Gleditsia triacanthos var. inermis - Thornless honeylocust,Gleditsia,10/27/2016 11:11:11 AM,,9,0
583929,Fair,Gleditsia triacanthos var. inermis - Thornless honeylocust,Gleditsia,08/25/2015 11:00:00 AM,6,7,1
2534583,Good,Gleditsia triacanthos var. inermis - Thornless honeylocust,Gleditsia,2/12/16 14:12,3,9,0
4599821,Excellent,Gleditsia triacanthos var. inermis - Thornless honeylocust,Gleditsia,10/27/2016 11:11:11 AM,,8,0
2113796,Fair,Gleditsia triacanthos var. inermis - Thornless honeylocust,Gleditsia,1/5/16 12:21,7,1,1
4599629,Excellent,Gleditsia triacanthos var. inermis - Thornless honeylocust,Gleditsia,10/27/2016 11:11:11 AM,,10,0
2137557,Good,Gleditsia triacanthos var. inermis - Thornless honeylocust,Gleditsia,1/5/16 14:31,5,10,0
571844,Good,Gleditsia triacanthos var. inermis - Thornless honeylocust,Gleditsia,08/25/2015 10:28:09 AM,3,8,0
3998934,Good,Gleditsia triacanthos var. inermis - Thornless honeylocust,Gleditsia,07/27/2016 01:45:14 PM,4,2,0
2534285,Good,Gleditsia triacanthos var. inermis - Thornless honeylocust,Gleditsia,2/12/16 14:10,3,4,0
590274,Critical,Gleditsia triacanthos var. inermis - Thornless honeylocust,Gleditsia,08/25/2015 11:18:10 AM,10,10,1
4112176,Good,Gleditsia triacanthos var. inermis - Thornless honeylocust,Gleditsia,8/11/16 8:55,3,6,0
4112151,Fair,Gleditsia triacanthos var. inermis - Thornless honeylocust,Gleditsia,8/11/16 9:36,4,2,1
4600212,Excellent,Gleditsia triacanthos var. inermis - Thornless honeylocust,Gleditsia,10/27/2016 11:11:11 AM,,8,1
576684,Good,Gleditsia triacanthos var. inermis - Thornless honeylocust,Gleditsia,08/25/2015 10:40:48 AM,6,6,0
3660575,Good,Gleditsia triacanthos var. inermis - Thornless honeylocust,Gleditsia,5/11/16 20:17,6,7,0
4599685,Excellent,Gleditsia triacanthos var. inermis - Thornless honeylocust,Gleditsia,10/27/2016 11:11:11 AM,,1,0
3984242,Good,Gleditsia triacanthos var. inermis - Thornless honeylocust,Gleditsia,07/27/2016 01:48:02 PM,4,10,0
1442703,Good,Gleditsia triacanthos var. inermis - Thornless honeylocust,Gleditsia,10/29/2015 03:24:42 PM,3,6,0
5782779,Poor,Gleditsia triacanthos var. inermis 'Skyline' - 'Skyline' Thornless honeylocust,Gleditsia,12/16/2016 12:00:00 AM,6,1,0
4600413,Excellent,Gymnocladus dioicus - Kentucky coffeetree,Other,10/27/2016 11:11:11 AM,,1,1
4600424,Excellent,Gymnocladus dioicus - Kentucky coffeetree,Other,10/27/2016 11:11:11 AM,,2,1
4600744,Excellent,Gymnocladus dioicus - Kentucky coffeetree,Other,10/27/2016 11:11:11 AM,,9,1
4600826,Excellent,Gymnocladus dioicus - Kentucky coffeetree,Other,10/27/2016 11:11:11 AM,,9,1
3352329,Good,Gymnocladus dioicus - Kentucky coffeetree,Other,5/11/16 19:48,5,7,1
4600640,Excellent,Gymnocladus dioicus - Kentucky coffeetree,Other,10/27/2016 11:11:11 AM,,1,1
4601058,Excellent,Gymnocladus dioicus - Kentucky coffeetree,Other,10/27/2016 11:11:11 AM,,5,0
4600694,Excellent,Gymnocladus dioicus - Kentucky coffeetree,Other,10/27/2016 11:11:11 AM,,1,0
4601124,Excellent,Gymnocladus dioicus - Kentucky coffeetree,Other,10/27/2016 11:11:11 AM,,5,0
4600502,Excellent,Gymnocladus dioicus - Kentucky coffeetree,Other,10/27/2016 11:11:00 AM,,5,0
4601026,Excellent,Gymnocladus dioicus - Kentucky coffeetree,Other,10/27/2016 11:11:11 AM,,7,0
4600427,Excellent,Gymnocladus dioicus - Kentucky coffeetree,Other,10/27/2016 11:11:11 AM,,7,0
5579574,Good,Ilex - holly,Other,11/7/18 11:11,5,9,0
4601395,Excellent,Juniperus chinensis - Chinese juniper,Other,10/27/2016 11:11:00 AM,,3,0
4601498,Excellent,Juniperus virginiana - eastern redcedar,Other,10/27/2016 11:11:00 AM,,6,0
4601583,Excellent,Juniperus virginiana - eastern redcedar,Other,10/27/2016 11:11:00 AM,,5,0
4601577,Excellent,Juniperus virginiana - eastern redcedar,Other,10/27/2016 11:11:00 AM,,7,0
4601631,Excellent,Koelreuteria paniculata - goldenrain tree,Other,10/27/2016 11:11:11 AM,,1,0
4601616,Excellent,Koelreuteria paniculata - goldenrain tree,Other,10/27/2016 11:11:11 AM,,8,0
4601735,Excellent,Koelreuteria paniculata - goldenrain tree,Other,10/27/2016 11:11:11 AM,,4,0
4601667,Excellent,Koelreuteria paniculata - goldenrain tree,Other,10/27/2016 11:11:11 AM,,1,0
4601618,Excellent,Koelreuteria paniculata - goldenrain tree,Other,10/27/2016 11:11:11 AM,,5,0
4601610,Excellent,Koelreuteria paniculata - goldenrain tree,Other,10/27/2016 11:11:11 AM,,3,0
4601762,Excellent,Lagerstroemia - lagerstroemia,Other,10/27/2016 11:11:11 AM,,8,0
4602376,Excellent,Liquidambar styraciflua - sweetgum,Other,10/27/2016 11:11:11 AM,,10,0
4601895,Excellent,Liquidambar styraciflua - sweetgum,Other,10/27/2016 11:11:11 AM,,9,0
4601838,Excellent,Liquidambar styraciflua - sweetgum,Other,10/27/2016 11:11:11 AM,,5,1
4601854,Excellent,Liquidambar styraciflua - sweetgum,Other,10/27/2016 11:11:11 AM,,8,1
4602358,Excellent,Liquidambar styraciflua - sweetgum,Other,10/27/2016 11:11:11 AM,,10,1
4601939,Excellent,Liquidambar styraciflua - sweetgum,Other,10/27/2016 11:11:11 AM,,1,1
4602151,Excellent,Liquidambar styraciflua - sweetgum,Other,10/27/2016 11:11:11 AM,,4,1
4602411,Excellent,Liquidambar styraciflua - sweetgum,Other,10/27/2016 11:11:11 AM,,8,1
4601890,Excellent,Liquidambar styraciflua - sweetgum,Other,10/27/2016 11:11:11 AM,,9,1
4602172,Excellent,Liquidambar styraciflua - sweetgum,Other,10/27/2016 11:11:11 AM,,5,1
5476985,Good,Liquidambar styraciflua - sweetgum,Other,09/19/2018 03:27:10 PM,3,5,0
4601911,Excellent,Liquidambar styraciflua - sweetgum,Other,10/27/2016 11:11:11 AM,,4,0
4602250,Excellent,Liquidambar styraciflua - sweetgum,Other,10/27/2016 11:11:11 AM,,1,1
4601966,Excellent,Liquidambar styraciflua - sweetgum,Other,10/27/2016 11:11:11 AM,,4,1
4602350,Excellent,Liquidambar styraciflua - sweetgum,Other,10/27/2016 11:11:11 AM,,5,1
4602405,Excellent,Liquidambar styraciflua - sweetgum,Other,10/27/2016 11:11:11 AM,,4,1
4602121,Excellent,Liquidambar styraciflua - sweetgum,Other,10/27/2016 11:11:00 AM,,7,0
995172,Critical,Liquidambar styraciflua 'Cherokee' - 'Cherokee' Sweetgum,Other,10/18/2019 05:38:00 PM,,2,0
4602436,Excellent,Liriodendron tulipifera - tuliptree,Other,10/27/2016 11:11:00 AM,,4,0
4602564,Excellent,Maackia amurensis - Amur maackia,Other,10/27/2016 11:11:11 AM,,2,0
4998454,Good,Maackia amurensis - Amur maackia,Other,7/6/17 11:11,3,9,0
4602733,Excellent,Magnolia x soulangiana - Chinese magnolia,Other,10/27/2016 11:11:00 AM,,3,0
5575771,Good,Malus - apple,Other,11/7/18 11:11,,6,0
2261697,Dead,Malus - apple,Other,1/5/16 19:09,,8,0
5330986,Poor,Malus - apple,Other,04/26/2018 10:06:21 AM,6,6,0
4602762,Excellent,Metasequoia glyptostroboides - dawn redwood,Other,10/27/2016 11:11:11 AM,,4,0
4150592,Good,Metasequoia glyptostroboides - dawn redwood,Other,07/27/2016 03:07:20 PM,4,7,0
4603017,Excellent,Metasequoia glyptostroboides - dawn redwood,Other,10/27/2016 11:11:11 AM,,6,0
4127013,Good,Metasequoia glyptostroboides - dawn redwood,Other,07/27/2016 03:07:15 PM,3,6,0
4603023,Excellent,Metasequoia glyptostroboides - dawn redwood,Other,10/27/2016 11:11:11 AM,,5,0
5581579,Fair,Morus - mulberry,Other,11/7/18 11:11,7,3,1
5584330,Good,Morus - mulberry,Other,11/7/18 11:11,7,7,0
5594096,Fair,Morus - mulberry,Other,11/7/18 11:11,8,4,1
986468,Fair,Morus - mulberry,Other,10/18/2019 12:01:00 AM,5,10,1
951104,Fair,Morus - mulberry,Other,10/1/19 16:02,8,8,1
5585237,Fair,Morus - mulberry,Other,11/7/18 11:11,6,5,1
4603191,Excellent,Ostrya virginiana - hophornbeam,Other,10/27/2016 11:11:11 AM,,9,0
4603305,Excellent,Parrotia persica - Persian ironwood,Other,10/27/2016 11:11:11 AM,,7,0
4603406,Excellent,Parrotia persica - Persian ironwood,Other,10/27/2016 11:11:11 AM,,1,0
4603508,Excellent,Picea pungens - blue spruce,Other,10/27/2016 11:11:11 AM,,8,0
4603518,Excellent,Pinus strobus - eastern white pine,Other,10/27/2016 11:11:00 AM,,5,0
4603538,Excellent,Pinus strobus - eastern white pine,Other,10/27/2016 11:11:00 AM,,2,0
4699141,Fair,Platanus x acerifolia - London planetree,Other,11/2/16 16:59,7,9,1
4603623,Excellent,Platanus x acerifolia - London planetree,Other,10/27/2016 11:11:11 AM,,3,0
2241613,Good,Platanus x acerifolia - London planetree,Other,1/5/16 13:45,3,2,0
4604044,Excellent,Platanus x acerifolia - London planetree,Other,10/27/2016 11:11:00 AM,,10,0
2624516,Dead,Platanus x acerifolia - London planetree,Other,2/12/16 15:41,9,5,1
4604059,Excellent,Platanus x acerifolia - London planetree,Other,10/27/2016 11:11:11 AM,,6,0
4993642,Good,Platanus x acerifolia - London planetree,Other,7/6/17 11:11,3,10,0
5303984,Good,Platanus x acerifolia - London planetree,Other,4/11/18 11:11,3,2,0
4603910,Excellent,Platanus x acerifolia - London planetree,Other,10/27/2016 11:11:11 AM,,7,0
2270541,Good,Platanus x acerifolia - London planetree,Other,1/5/16 19:55,6,8,0
4603813,Excellent,Platanus x acerifolia - London planetree,Other,10/27/2016 11:11:11 AM,,1,1
5308406,Good,Platanus x acerifolia - London planetree,Other,4/11/18 11:11,3,9,0
4603896,Excellent,Platanus x acerifolia - London planetree,Other,10/27/2016 11:11:11 AM,,8,1
4923696,Good,Platanus x acerifolia - London planetree,Other,04/20/2017 11:22:12 AM,5,3,0
2608327,Fair,Platanus x acerifolia - London planetree,Other,1/5/16 18:52,8,7,1
3651087,Poor,Platanus x acerifolia - London planetree,Other,5/11/16 17:26,8,4,1
1488702,Fair,Platanus x acerifolia - London planetree,Other,11/2/15 14:21,8,8,1
4134243,Good,Platanus x acerifolia - London planetree,Other,07/27/2016 03:02:20 PM,4,7,0
4604076,Excellent,Platanus x acerifolia - London planetree,Other,10/27/2016 11:11:11 AM,,2,0
2414358,Good,Platanus x acerifolia - London planetree,Other,1/5/16 17:28,5,10,0
4649674,Fair,Platanus x acerifolia - London planetree,Other,11/2/16 16:59,7,8,1
4603955,Excellent,Platanus x acerifolia - London planetree,Other,10/27/2016 11:11:00 AM,,5,0
3726875,Unknown,Platanus x acerifolia - London planetree,Other,06/21/2016 02:22:00 PM,,4,0
349054,Dead,Platanus x acerifolia - London planetree,Other,8/5/15 20:06,3,4,0
3762742,Fair,Platanus x acerifolia - London planetree,Other,06/21/2016 02:30:00 PM,7,8,1
2241638,Fair,Platanus x acerifolia - London planetree,Other,1/5/16 13:45,7,2,1
4994006,Good,Platanus x acerifolia - London planetree,Other,7/6/17 11:11,3,10,0
2594535,Fair,Platanus x acerifolia - London planetree,Other,1/5/16 15:28,3,3,1
5305631,Good,Platanus x acerifolia - London planetree,Other,4/11/18 11:11,3,2,0
2927264,Dead,Platanus x acerifolia - London planetree,Other,03/15/2016 04:33:00 PM,,8,0
5588431,Fair,Prunus - Cherry,Other,11/7/18 11:11,5,9,1
583869,Fair,Prunus - Cherry,Other,08/25/2015 11:00:00 AM,6,8,1
5330983,Fair,Prunus - Cherry,Other,04/26/2018 10:07:54 AM,6,6,1
10072328,Good,Prunus - Cherry,Other,10/31/2019 02:06:00 PM,5,3,0
4129123,Good,Prunus cerasifera - cherry plum,Other,8/10/16 12:40,7,3,0
2561521,Good,Prunus cerasifera - cherry plum,Other,2/12/16 17:19,3,9,0
2506240,Fair,Prunus cerasifera - cherry plum,Other,1/5/16 18:45,7,9,1
4974155,Fair,Prunus cerasifera - cherry plum,Other,06/22/2017 07:39:57 AM,3,3,1
4949000,Good,Prunus cerasifera - cherry plum,Other,05/18/2017 11:11:11 AM,5,10,0
4604410,Excellent,Prunus cerasifera - cherry plum,Other,10/27/2016 11:11:11 AM,,7,0
1429602,Dead,Prunus cerasifera - cherry plum,Other,10/29/2015 02:38:00 PM,7,7,0
5312010,Dead,Prunus serotina - black cherry,Other,4/11/18 11:11,6,2,0
4095773,Good,Prunus serotina - black cherry,Other,8/10/16 10:21,3,9,0
4095768,Good,Prunus serotina - black cherry,Other,8/10/16 10:28,3,7,0
5386261,Dead,Prunus serotina - black cherry,Other,6/1/18 11:11,7,5,0
986902,Good,Prunus serotina - black cherry,Other,10/17/2019 11:53:00 PM,6,10,0
4112170,Fair,Prunus serotina - black cherry,Other,8/11/16 9:03,3,3,1
3990878,Good,Prunus serrulata 'Green leaf' - 'Green leaf' Japanese flowering cherry,Other,07/27/2016 02:23:22 PM,5,9,0
4006978,Fair,Prunus serrulata 'Green leaf' - 'Green leaf' Japanese flowering cherry,Other,07/27/2016 01:51:16 PM,7,2,1
2408953,Good,Prunus serrulata 'Green leaf' - 'Green leaf' Japanese flowering cherry,Other,1/5/16 15:16,7,5,0
5791485,Good,Prunus serrulata 'Kwanzan' - 'Kwanzan' Flowering cherry,Other,12/6/16 0:00,3,1,0
4605125,Excellent,Prunus serrulata 'Not Green leaf' - 'Not Green leaf' Japanese flowering cherry,Other,10/27/2016 11:11:11 AM,,8,0
4605242,Excellent,Prunus serrulata 'Not Green leaf' - 'Not Green leaf' Japanese flowering cherry,Other,10/27/2016 11:11:11 AM,,7,0
4604823,Excellent,Prunus serrulata 'Not Green leaf' - 'Not Green leaf' Japanese flowering cherry,Other,10/27/2016 11:11:11 AM,,9,1
4605931,Excellent,Prunus serrulata 'Not Green leaf' - 'Not Green leaf' Japanese flowering cherry,Other,10/27/2016 11:11:11 AM,,1,1
4604871,Excellent,Prunus serrulata 'Not Green leaf' - 'Not Green leaf' Japanese flowering cherry,Other,10/27/2016 11:11:11 AM,,5,1
4605462,Excellent,Prunus serrulata 'Not Green leaf' - 'Not Green leaf' Japanese flowering cherry,Other,10/27/2016 11:11:11 AM,,8,1
4604989,Excellent,Prunus serrulata 'Not Green leaf' - 'Not Green leaf' Japanese flowering cherry,Other,10/27/2016 11:11:00 AM,,7,1
4604631,Excellent,Prunus serrulata 'Not Green leaf' - 'Not Green leaf' Japanese flowering cherry,Other,10/27/2016 11:11:11 AM,,4,1
4605712,Excellent,Prunus serrulata 'Not Green leaf' - 'Not Green leaf' Japanese flowering cherry,Other,10/27/2016 11:11:00 AM,,4,0
4605353,Excellent,Prunus serrulata 'Not Green leaf' - 'Not Green leaf' Japanese flowering cherry,Other,10/27/2016 11:11:00 AM,,10,0
4604881,Excellent,Prunus serrulata 'Not Green leaf' - 'Not Green leaf' Japanese flowering cherry,Other,10/27/2016 11:11:11 AM,,2,0
4604934,Excellent,Prunus serrulata 'Not Green leaf' - 'Not Green leaf' Japanese flowering cherry,Other,10/27/2016 11:11:11 AM,,10,0
4605332,Excellent,Prunus serrulata 'Not Green leaf' - 'Not Green leaf' Japanese flowering cherry,Other,10/27/2016 11:11:11 AM,,9,0
4606069,Excellent,Prunus serrulata 'Not Green leaf' - 'Not Green leaf' Japanese flowering cherry,Other,10/27/2016 11:11:11 AM,,6,0
4605815,Excellent,Prunus serrulata 'Not Green leaf' - 'Not Green leaf' Japanese flowering cherry,Other,10/27/2016 11:11:11 AM,,10,0
4604992,Excellent,Prunus serrulata 'Not Green leaf' - 'Not Green leaf' Japanese flowering cherry,Other,10/27/2016 11:11:11 AM,,9,0
4605456,Excellent,Prunus serrulata 'Not Green leaf' - 'Not Green leaf' Japanese flowering cherry,Other,10/27/2016 11:11:11 AM,,5,0
4605043,Excellent,Prunus serrulata 'Not Green leaf' - 'Not Green leaf' Japanese flowering cherry,Other,10/27/2016 11:11:11 AM,,4,0
1437440,Fair,Pyrus calleryana - Callery pear,Other,10/29/2015 03:06:23 PM,6,6,1
595775,Fair,Pyrus calleryana - Callery pear,Other,08/25/2015 11:34:14 AM,7,1,1
2412346,Fair,Pyrus calleryana - Callery pear,Other,1/5/16 16:35,6,7,1
585943,Poor,Pyrus calleryana - Callery pear,Other,08/25/2015 11:05:56 AM,9,1,1
583898,Fair,Pyrus calleryana - Callery pear,Other,08/25/2015 11:00:00 AM,5,3,1
3649185,Good,Pyrus calleryana - Callery pear,Other,5/11/16 19:10,5,9,0
2137007,Good,Pyrus calleryana - Callery pear,Other,1/5/16 14:24,3,4,0
4141953,Good,Pyrus calleryana - Callery pear,Other,07/27/2016 03:34:00 PM,7,9,0
1045191,Fair,Pyrus calleryana - Callery pear,Other,10/1/15 13:20,6,8,1
578253,Good,Pyrus calleryana - Callery pear,Other,08/25/2015 10:45:19 AM,7,6,0
2400494,Dead,Pyrus calleryana - Callery pear,Other,1/5/16 12:15,6,7,0
4670499,Poor,Pyrus calleryana - Callery pear,Other,11/2/16 16:59,,7,0
2923208,Dead,Pyrus calleryana - Callery pear,Other,03/15/2016 04:20:00 PM,8,2,1
947240,Poor,Pyrus calleryana - Callery pear,Other,09/30/2019 04:11:48 PM,7,7,0
4941407,Dead,Quercus - Oak,Quercus,5/10/17 10:28,9,7,1
4606310,Excellent,Quercus acutissima - sawtooth oak,Quercus,10/27/2016 11:11:11 AM,,8,0
4606422,Excellent,Quercus acutissima - sawtooth oak,Quercus,10/27/2016 11:11:11 AM,,1,0
1435260,Fair,Quercus acutissima - sawtooth oak,Quercus,10/29/2015 02:58:00 PM,6,4,1
4606540,Excellent,Quercus acutissima - sawtooth oak,Quercus,10/27/2016 11:11:11 AM,,7,0
4606536,Excellent,Quercus acutissima - sawtooth oak,Quercus,10/27/2016 11:11:11 AM,,7,0
4606960,Excellent,Quercus bicolor - swamp white oak,Quercus,10/27/2016 11:11:11 AM,,7,0
3764171,Good,Quercus bicolor - swamp white oak,Quercus,06/21/2016 03:53:37 PM,,7,0
4607052,Excellent,Quercus bicolor - swamp white oak,Quercus,10/27/2016 11:11:11 AM,,5,0
4607178,Excellent,Quercus bicolor - swamp white oak,Quercus,10/27/2016 11:11:00 AM,,9,0
4606966,Excellent,Quercus bicolor - swamp white oak,Quercus,10/27/2016 11:11:11 AM,,3,0
990932,Good,Quercus bicolor - swamp white oak,Quercus,10/18/2019 01:25:00 PM,3,8,0
4607371,Excellent,Quercus coccinea - scarlet oak,Quercus,10/27/2016 11:11:11 AM,,5,0
4607742,Excellent,Quercus imbricaria - shingle oak,Quercus,10/27/2016 11:11:00 AM,,1,0
4607483,Excellent,Quercus imbricaria - shingle oak,Quercus,10/27/2016 11:11:11 AM,,9,0
4607723,Excellent,Quercus imbricaria - shingle oak,Quercus,10/27/2016 11:11:11 AM,,6,0
4607833,Excellent,Quercus muehlenbergii - chinkapin oak,Quercus,10/27/2016 11:11:11 AM,,8,0
2249468,Good,Quercus palustris - pin oak,Quercus,1/5/16 16:09,7,10,0
1405530,Fair,Quercus palustris - pin oak,Quercus,10/29/2015 01:16:28 PM,8,5,1
2590651,Fair,Quercus palustris - pin oak,Quercus,1/5/16 14:29,8,8,1
4608641,Excellent,Quercus palustris - pin oak,Quercus,10/27/2016 11:11:11 AM,,2,0
3830307,Fair,Quercus palustris - pin oak,Quercus,7/11/16 16:43,7,9,1
4608892,Excellent,Quercus palustris - pin oak,Quercus,10/27/2016 11:11:00 AM,,4,0
4608209,Excellent,Quercus palustris - pin oak,Quercus,10/27/2016 11:11:11 AM,,7,0
4607943,Excellent,Quercus palustris - pin oak,Quercus,10/27/2016 11:11:00 AM,,4,0
950171,Fair,Quercus palustris - pin oak,Quercus,10/1/19 14:07,6,6,1
1412323,Fair,Quercus palustris - pin oak,Quercus,10/29/2015 01:39:58 PM,7,10,1
3606272,Good,Quercus palustris - pin oak,Quercus,06/20/2016 12:13:56 PM,6,6,0
4608169,Excellent,Quercus palustris - pin oak,Quercus,10/27/2016 11:11:00 AM,,2,0
4609035,Excellent,Quercus palustris - pin oak,Quercus,10/27/2016 11:11:11 AM,,5,0
3645907,Dead,Quercus palustris - pin oak,Quercus,5/11/16 19:46,8,8,1
3347405,Dead,Quercus palustris - pin oak,Quercus,5/11/16 17:43,8,10,1
3741233,Good,Quercus palustris - pin oak,Quercus,06/21/2016 03:55:48 PM,6,7,0
4150691,Fair,Quercus palustris - pin oak,Quercus,8/10/16 12:14,8,2,1
3754915,Good,Quercus palustris - pin oak,Quercus,06/21/2016 04:36:08 PM,5,9,0
4608130,Excellent,Quercus palustris - pin oak,Quercus,10/27/2016 11:11:00 AM,,2,0
4690488,Poor,Quercus palustris - pin oak,Quercus,11/2/16 16:59,10,9,1
1020390,Good,Quercus palustris - pin oak,Quercus,10/24/2019 12:37:00 PM,3,9,0
4608112,Excellent,Quercus palustris - pin oak,Quercus,10/27/2016 11:11:00 AM,,2,0
4608179,Excellent,Quercus palustris - pin oak,Quercus,10/27/2016 11:11:11 AM,,2,0
4608698,Excellent,Quercus palustris - pin oak,Quercus,10/27/2016 11:11:00 AM,,3,0
4123856,Dead,Quercus palustris - pin oak,Quercus,8/10/16 13:08,5,2,0
10063728,Good,Quercus palustris - pin oak,Quercus,10/29/2019 09:25:00 PM,6,6,0
1385542,Good,Quercus palustris - pin oak,Quercus,10/29/2015 12:05:23 PM,6,8,0
4608034,Excellent,Quercus palustris - pin oak,Quercus,10/27/2016 11:11:11 AM,,1,0
4609566,Excellent,Quercus palustris - pin oak,Quercus,10/27/2016 11:11:00 AM,,3,0
4134372,Fair,Quercus palustris - pin oak,Quercus,8/10/16 12:43,9,2,1
4608480,Excellent,Quercus palustris - pin oak,Quercus,10/27/2016 11:11:11 AM,,3,0
4608601,Excellent,Quercus palustris - pin oak,Quercus,10/27/2016 11:11:11 AM,,10,0
1042781,Fair,Quercus palustris - pin oak,Quercus,10/1/15 13:12,7,4,1
1425950,Fair,Quercus palustris - pin oak,Quercus,10/29/2015 02:26:45 PM,7,9,1
2110343,Good,Quercus phellos - willow oak,Quercus,1/5/16 12:09,3,1,0
960640,Good,Quercus phellos - willow oak,Quercus,10/3/19 15:41,7,10,0
1009559,Good,Quercus rubra - northern red oak,Quercus,10/22/2019 06:53:00 PM,3,2,0
2268561,Dead,Quercus rubra - northern red oak,Quercus,1/5/16 19:49,3,10,0
4609217,Excellent,Quercus rubra - northern red oak,Quercus,10/27/2016 11:11:11 AM,,8,0
4609203,Excellent,Quercus rubra - northern red oak,Quercus,10/27/2016 11:11:11 AM,,10,0
4609147,Excellent,Quercus rubra - northern red oak,Quercus,10/27/2016 11:11:11 AM,,8,0
4609210,Excellent,Quercus rubra - northern red oak,Quercus,10/27/2016 11:11:00 AM,,3,0
4013216,Dead,Quercus rubra - northern red oak,Quercus,07/27/2016 02:00:00 PM,3,7,0
4627756,Good,Quercus rubra - northern red oak,Quercus,11/2/16 16:59,3,9,0
588848,Good,Quercus rubra - northern red oak,Quercus,08/25/2015 11:14:07 AM,3,7,0
4609412,Excellent,Quercus shumardii - Shumard's oak,Quercus,10/27/2016 11:11:00 AM,,1,0
4609419,Excellent,Quercus shumardii - Shumard's oak,Quercus,10/27/2016 11:11:11 AM,,2,0
6193112,Poor,Robinia pseudoacacia - black locust,Other,04/24/2019 09:59:00 AM,9,9,1
974535,Good,Robinia pseudoacacia - black locust,Other,10/16/2019 05:28:00 PM,3,7,0
1396306,Good,Robinia pseudoacacia - black locust,Other,10/29/2015 12:44:00 PM,,9,0
4976520,Dead,Robinia pseudoacacia - black locust,Other,06/20/2017 03:01:00 PM,5,3,0
988512,Good,Robinia pseudoacacia - black locust,Other,10/18/2019 02:00:00 AM,6,10,0
3568503,Dead,Robinia pseudoacacia - black locust,Other,06/14/2016 12:35:00 PM,5,7,0
3765148,Good,Sassafras albidum - sassafras,Other,06/21/2016 03:46:39 PM,3,1,0
2512307,Fair,Sassafras albidum - sassafras,Other,1/5/16 20:29,,7,1
2245363,Good,Styphnolobium japonicum - Japanese pagoda tree,Other,1/5/16 15:18,5,4,0
2261431,Dead,Styphnolobium japonicum - Japanese pagoda tree,Other,1/5/16 19:07,,10,0
4056161,Fair,Styphnolobium japonicum - Japanese pagoda tree,Other,8/2/16 8:47,6,6,1
4610339,Excellent,Styphnolobium japonicum - Japanese pagoda tree,Other,10/27/2016 11:11:11 AM,,7,0
4609937,Excellent,Styphnolobium japonicum - Japanese pagoda tree,Other,10/27/2016 11:11:00 AM,,2,0
4950107,Fair,Styphnolobium japonicum - Japanese pagoda tree,Other,05/18/2017 11:11:11 AM,6,1,1
4610102,Excellent,Styphnolobium japonicum - Japanese pagoda tree,Other,10/27/2016 11:11:11 AM,,6,0
3984042,Fair,Styphnolobium japonicum - Japanese pagoda tree,Other,07/27/2016 12:51:00 PM,7,6,1
3752875,Fair,Styphnolobium japonicum - Japanese pagoda tree,Other,06/21/2016 04:44:58 PM,,7,1
1021610,Good,Styphnolobium japonicum - Japanese pagoda tree,Other,10/24/2019 12:39:00 PM,3,10,0
4609893,Excellent,Styphnolobium japonicum - Japanese pagoda tree,Other,10/27/2016 11:11:11 AM,,9,0
4609656,Excellent,Styphnolobium japonicum - Japanese pagoda tree,Other,10/27/2016 11:11:11 AM,,6,0
4609826,Excellent,Styphnolobium japonicum - Japanese pagoda tree,Other,10/27/2016 11:11:11 AM,,9,0
4950059,Fair,Styphnolobium japonicum - Japanese pagoda tree,Other,05/18/2017 11:11:00 AM,6,2,1
4610139,Excellent,Styphnolobium japonicum - Japanese pagoda tree,Other,10/27/2016 11:11:11 AM,,6,0
2534588,Good,Styphnolobium japonicum - Japanese pagoda tree,Other,2/12/16 14:12,3,4,0
5357742,Fair,Styphnolobium japonicum - Japanese pagoda tree,Other,5/9/18 20:39,6,2,1
4609814,Excellent,Styphnolobium japonicum - Japanese pagoda tree,Other,10/27/2016 11:11:11 AM,,8,0
590984,Good,Styphnolobium japonicum - Japanese pagoda tree,Other,08/25/2015 11:20:16 AM,6,7,0
4609726,Excellent,Styphnolobium japonicum - Japanese pagoda tree,Other,10/27/2016 11:11:11 AM,,9,0
3730969,Fair,Styphnolobium japonicum 'Millstone' - 'Millstone' Japanese pagodatree,Other,06/21/2016 03:42:00 PM,7,7,1
4610408,Excellent,Styrax japonicus - Japanese snowbell,Other,10/27/2016 11:11:11 AM,,9,0
4610540,Excellent,Syringa pekinensis - Peking tree lilac,Other,10/27/2016 11:11:11 AM,,5,0
4610785,Excellent,Syringa reticulata - Japanese tree lilac,Other,10/27/2016 11:11:11 AM,,4,0
4610627,Excellent,Syringa reticulata - Japanese tree lilac,Other,10/27/2016 11:11:00 AM,,7,0
4610665,Dead,Syringa reticulata - Japanese tree lilac,Other,10/27/2016 11:11:00 AM,,7,0
4610981,Excellent,Taxodium distichum - bald cypress,Other,10/27/2016 11:11:00 AM,,1,0
951107,Good,Taxus baccata - English yew,Other,10/1/19 16:10,5,4,0
5104973,Good,Thuja occidentalis - arborvitae,Other,11/15/2017 11:11:11 AM,3,6,0
4611464,Excellent,Tilia americana - American basswood,Other,10/27/2016 11:11:11 AM,,3,0
4673161,Dead,Tilia americana - American basswood,Other,11/2/16 16:59,8,4,1
4611164,Excellent,Tilia americana - American basswood,Other,10/27/2016 11:11:00 AM,,9,0
2245260,Good,Tilia americana - American basswood,Other,1/5/16 15:18,3,8,0
952990,Fair,Tilia americana - American basswood,Other,10/1/19 19:59,3,6,1
571831,Dead,Tilia americana - American basswood,Other,08/25/2015 10:28:07 AM,,2,0
4077828,Good,Tilia americana - American basswood,Other,8/5/16 13:05,3,4,0
4611448,Excellent,Tilia americana - American basswood,Other,10/27/2016 11:11:00 AM,,7,0
4611537,Excellent,Tilia americana - American basswood,Other,10/27/2016 11:11:11 AM,,7,0
4611246,Excellent,Tilia americana - American basswood,Other,10/27/2016 11:11:11 AM,,10,0
4611334,Excellent,Tilia americana - American basswood,Other,10/27/2016 11:11:00 AM,,5,0
4611278,Excellent,Tilia americana - American basswood,Other,10/27/2016 11:11:11 AM,,2,0
4611600,Excellent,Tilia americana - American basswood,Other,10/27/2016 11:11:11 AM,,9,0
4612222,Excellent,Tilia cordata - littleleaf linden,Other,10/27/2016 11:11:11 AM,,7,0
10073694,Fair,Tilia cordata - littleleaf linden,Other,10/31/2019 05:02:00 PM,7,1,1
591462,Unknown,Tilia cordata - littleleaf linden,Other,08/25/2015 11:21:36 AM,,1,0
4611773,Excellent,Tilia cordata - littleleaf linden,Other,10/27/2016 11:11:11 AM,,7,0
4612276,Excellent,Tilia cordata - littleleaf linden,Other,10/27/2016 11:11:11 AM,,3,0
946827,Good,Tilia cordata - littleleaf linden,Other,09/30/2019 01:51:43 PM,6,7,0
4611662,Excellent,Tilia cordata - littleleaf linden,Other,10/27/2016 11:11:11 AM,,7,0
572074,Fair,Tilia cordata - littleleaf linden,Other,08/25/2015 10:28:43 AM,7,1,1
2550585,Unknown,Tilia cordata - littleleaf linden,Other,2/12/16 15:36,10,3,1
368666,Dead,Tilia cordata - littleleaf linden,Other,8/9/15 17:58,,9,0
5315361,Good,Tilia cordata - littleleaf linden,Other,4/11/18 11:11,,1,0
3998214,Fair,Tilia cordata - littleleaf linden,Other,07/27/2016 01:08:03 PM,6,7,1
4002111,Good,Tilia cordata - littleleaf linden,Other,07/27/2016 01:31:02 PM,3,7,0
580055,Dead,Tilia cordata - littleleaf linden,Other,08/25/2015 10:50:00 AM,9,9,1
2561697,Fair,Tilia cordata - littleleaf linden,Other,2/12/16 17:20,3,3,1
4008453,Good,Tilia cordata - littleleaf linden,Other,07/27/2016 01:28:40 PM,5,9,0
1442702,Good,Tilia cordata - littleleaf linden,Other,10/29/2015 03:24:42 PM,5,8,0
4009101,Good,Tilia cordata - littleleaf linden,Other,07/27/2016 01:57:58 PM,4,3,0
2113799,Fair,Tilia cordata - littleleaf linden,Other,1/5/16 12:21,6,7,1
3992319,Good,Tilia cordata - littleleaf linden,Other,07/27/2016 01:58:05 PM,4,4,0
1056505,Poor,Tilia tomentosa - silver linden,Other,10/1/15 13:59,8,7,1
4612592,Excellent,Tilia tomentosa - silver linden,Other,10/27/2016 11:11:11 AM,,10,0
4612458,Excellent,Tilia tomentosa - silver linden,Other,10/27/2016 11:11:00 AM,,2,0
4612432,Excellent,Tilia tomentosa - silver linden,Other,10/27/2016 11:11:11 AM,,8,0
4612647,Excellent,Tilia tomentosa - silver linden,Other,10/27/2016 11:11:11 AM,,5,0
4612392,Excellent,Tilia tomentosa - silver linden,Other,10/27/2016 11:11:11 AM,,1,0
585319,Fair,Tilia tomentosa - silver linden,Other,08/25/2015 11:04:00 AM,6,9,1
4612004,Excellent,Tilia x. euchlora - Caucasian linden,Other,10/27/2016 11:11:11 AM,,9,0
4613137,Excellent,Ulmus americana - American elm,Other,10/27/2016 11:11:11 AM,,2,0
4612846,Excellent,Ulmus americana - American elm,Other,10/27/2016 11:11:11 AM,,9,0
4612906,Excellent,Ulmus americana - American elm,Other,10/27/2016 11:11:00 AM,,4,0
4612989,Excellent,Ulmus americana - American elm,Other,10/27/2016 11:11:11 AM,,10,0
4613198,Excellent,Ulmus americana - American elm,Other,10/27/2016 11:11:11 AM,,9,0
2927844,Dead,Ulmus americana - American elm,Other,03/15/2016 04:35:00 PM,9,5,1
4613269,Excellent,Ulmus americana - American elm,Other,10/27/2016 11:11:11 AM,,10,0
2148181,Good,Ulmus americana - American elm,Other,1/5/16 20:10,,3,0
3740118,Poor,Ulmus americana - American elm,Other,06/21/2016 02:32:00 PM,6,6,0
4613016,Excellent,Ulmus americana - American elm,Other,10/27/2016 11:11:11 AM,,7,0
4613751,Excellent,Ulmus parvifolia - Chinese elm,Other,10/27/2016 11:11:11 AM,,5,0
2269827,Good,Ulmus parvifolia - Chinese elm,Other,1/5/16 19:53,6,5,0
4613484,Excellent,Ulmus parvifolia - Chinese elm,Other,10/27/2016 11:11:00 AM,,5,0
4613673,Excellent,Ulmus parvifolia - Chinese elm,Other,10/27/2016 11:11:11 AM,,1,0
4613435,Excellent,Ulmus parvifolia - Chinese elm,Other,10/27/2016 11:11:00 AM,,7,0
6703517,Dead,Unknown - Unknown,Other,09/26/2019 01:30:00 PM,,10,0
947675,Dead,Unknown - Unknown,Other,09/30/2019 06:32:12 PM,5,5,0
6657456,Dead,Unknown - Unknown,Other,08/26/2019 10:52:00 AM,,1,0
6703519,Dead,Unknown - Unknown,Other,09/26/2019 01:20:00 PM,,4,0
3388380,Dead,Unknown - Unknown,Other,05/20/2016 01:30:00 PM,,9,0
2941771,Dead,Unknown - Unknown,Other,03/15/2016 05:23:00 PM,6,1,0
2920174,Dead,Unknown - Unknown,Other,03/15/2016 04:10:00 PM,9,6,1
6681925,Dead,Unknown - Unknown,Other,9/12/19 14:03,6,5,0
2246644,Poor,Zelkova serrata - Japanese zelkova,Other,1/5/16 15:43,,2,0
4614088,Excellent,Zelkova serrata - Japanese zelkova,Other,10/27/2016 11:11:11 AM,,8,0
4613990,Excellent,Zelkova serrata - Japanese zelkova,Other,10/27/2016 11:11:00 AM,,4,0
4614788,Excellent,Zelkova serrata - Japanese zelkova,Other,10/27/2016 11:11:11 AM,,3,0
4614335,Excellent,Zelkova serrata - Japanese zelkova,Other,10/27/2016 11:11:11 AM,,4,0
594019,Good,Zelkova serrata - Japanese zelkova,Other,08/25/2015 11:29:06 AM,3,3,0
1430893,Good,Zelkova serrata - Japanese zelkova,Other,10/29/2015 02:43:23 PM,5,2,0
2265244,Good,Zelkova serrata - Japanese zelkova,Other,1/5/16 19:32,6,3,0
4614479,Excellent,Zelkova serrata - Japanese zelkova,Other,10/27/2016 11:11:11 AM,,6,0
2245339,Good,Zelkova serrata - Japanese zelkova,Other,1/5/16 15:18,5,10,0
4613953,Excellent,Zelkova serrata - Japanese zelkova,Other,10/27/2016 11:11:11 AM,,2,0
4608740,Poor,Zelkova serrata - Japanese zelkova,Other,10/27/2016 11:11:00 AM,6,6,0
4614091,Excellent,Zelkova serrata - Japanese zelkova,Other,10/27/2016 11:11:11 AM,,10,0
4614229,Excellent,Zelkova serrata - Japanese zelkova,Other,10/27/2016 11:11:11 AM,,1,0
4614492,Excellent,Zelkova serrata - Japanese zelkova,Other,10/27/2016 11:11:11 AM,,2,0
4614186,Excellent,Zelkova serrata - Japanese zelkova,Other,10/27/2016 11:11:11 AM,,6,0
4614748,Excellent,Zelkova serrata - Japanese zelkova,Other,10/27/2016 11:11:11 AM,,7,0
4614196,Excellent,Zelkova serrata - Japanese zelkova,Other,10/27/2016 11:11:11 AM,,9,0
3343643,Good,Zelkova serrata - Japanese zelkova,Other,5/11/16 18:43,6,5,0
4614467,Excellent,Zelkova serrata - Japanese zelkova,Other,10/27/2016 11:11:11 AM,,5,0
4614659,Excellent,Zelkova serrata - Japanese zelkova,Other,10/27/2016 11:11:11 AM,,3,0