Name,Gender,Eye color,Race,Hair color,Height,Publisher,Skin color,Alignment,Weight,Has Superpowers,Power Level,Intelligence Level
A-Bomb,Male,yellow,Human,No Hair,203.0,Marvel Comics,,good,441.0,False,Extremely Powerful,Super-Genius
Abe Sapien,Male,blue,Icthyo Sapien,No Hair,191.0,Dark Horse Comics,blue,good,65.0,True,Below Average,Average Intelligence
Abin Sur,Male,blue,Ungaran,No Hair,185.0,DC Comics,red,good,90.0,True,Average,Low Intelligence
Abomination,Male,green,Human / Radiation,No Hair,203.0,Marvel Comics,,bad,441.0,False,Extremely Powerful,Smart
Abraxas,Male,blue,Cosmic Entity,Black,-99.0,Marvel Comics,,bad,-99.0,False,Extremely Powerful,Genius
Absorbing Man,Male,blue,Human,No Hair,193.0,Marvel Comics,,bad,122.0,True,Below Average,Low Intelligence
Adam Monroe,Male,blue,,Blond,-99.0,NBC - Heroes,,good,-99.0,False,Above Average,Average Intelligence
Adam Strange,Male,blue,Human,Blond,185.0,DC Comics,,good,88.0,True,Below Average,Low Intelligence
Agent 13,Female,blue,,Blond,173.0,Marvel Comics,,good,61.0,False,Average,Average Intelligence
Agent Bob,Male,brown,Human,Brown,178.0,Marvel Comics,,good,81.0,True,Weak,Smart
Agent Zero,Male,,,,191.0,Marvel Comics,,good,104.0,False,Average,Genius
Air-Walker,Male,blue,,White,188.0,Marvel Comics,,bad,108.0,False,Weak,Super-Genius
Ajax,Male,brown,Cyborg,Black,193.0,Marvel Comics,,bad,90.0,True,Above Average,Super-Genius
Alan Scott,Male,blue,,Blond,180.0,DC Comics,,good,90.0,False,Average,Genius
Alex Mercer,Male,,Human,,-99.0,Wildstorm,,bad,-99.0,False,Extremely Powerful,Smart
Alex Woolsly,Male,,,,-99.0,NBC - Heroes,,good,-99.0,False,Extremely Powerful,Low Intelligence
Alfred Pennyworth,Male,blue,Human,Black,178.0,DC Comics,,good,72.0,False,Extremely Powerful,Low Intelligence
Alien,Male,,Xenomorph XX121,No Hair,244.0,Dark Horse Comics,black,bad,169.0,True,Above Average,Smart
Allan Quatermain,Male,,,,-99.0,Wildstorm,,good,-99.0,False,Average,Genius
Amazo,Male,red,Android,,257.0,DC Comics,,bad,173.0,False,Average,Genius
Ammo,Male,brown,Human,Black,188.0,Marvel Comics,,bad,101.0,True,Above Average,Genius
Ando Masahashi,Male,,,,-99.0,NBC - Heroes,,good,-99.0,True,Extremely Powerful,Low Intelligence
Angel,Male,blue,,Blond,183.0,Marvel Comics,,good,68.0,True,Below Average,Super-Genius
Angel,Male,,Vampire,,-99.0,Dark Horse Comics,,good,-99.0,True,Weak,Low Intelligence
Angel Dust,Female,yellow,Mutant,Black,165.0,Marvel Comics,,good,57.0,False,Weak,Average Intelligence
Angel Salvadore,Female,brown,,Black,163.0,Marvel Comics,,good,54.0,True,Below Average,Average Intelligence
Angela,Female,,,,-99.0,Image Comics,,bad,-99.0,False,Below Average,Low Intelligence
Animal Man,Male,blue,Human,Blond,183.0,DC Comics,,good,83.0,True,Extremely Powerful,Smart
Annihilus,Male,green,,No Hair,180.0,Marvel Comics,,bad,90.0,False,Weak,Super-Genius
Ant-Man,Male,blue,Human,Blond,211.0,Marvel Comics,,good,122.0,False,Average,Super-Genius
Ant-Man II,Male,blue,Human,Blond,183.0,Marvel Comics,,good,86.0,False,Average,Low Intelligence
Anti-Monitor,Male,yellow,God / Eternal,No Hair,61.0,DC Comics,,bad,-99.0,False,Weak,Super-Genius
Anti-Spawn,Male,,,,-99.0,Image Comics,,bad,-99.0,True,Weak,Average Intelligence
Anti-Venom,Male,blue,Symbiote,Blond,229.0,Marvel Comics,,,358.0,False,Extremely Powerful,Low Intelligence
Apocalypse,Male,red,Mutant,Black,213.0,Marvel Comics,grey,bad,135.0,True,Average,Super-Genius
Aquababy,Male,blue,,Blond,-99.0,DC Comics,,good,-99.0,False,Weak,Low Intelligence
Aqualad,Male,blue,Atlantean,Black,178.0,DC Comics,,good,106.0,False,Extremely Powerful,Low Intelligence
Aquaman,Male,blue,Atlantean,Blond,185.0,DC Comics,,good,146.0,False,Below Average,Smart
Arachne,Female,blue,Human,Blond,175.0,Marvel Comics,,good,63.0,True,Above Average,Genius
Archangel,Male,blue,Mutant,Blond,183.0,Marvel Comics,blue,good,68.0,False,Average,Smart
Arclight,Female,violet,,Purple,173.0,Marvel Comics,,bad,57.0,True,Above Average,Super-Genius
Ardina,Female,white,Alien,Orange,193.0,Marvel Comics,gold,good,98.0,True,Average,Genius
Ares,Male,brown,,Brown,185.0,Marvel Comics,,good,270.0,True,Above Average,Average Intelligence
Ariel,Female,purple,,Pink,165.0,Marvel Comics,,good,59.0,False,Below Average,Low Intelligence
Armor,Female,black,,Black,163.0,Marvel Comics,,good,50.0,False,Weak,Average Intelligence
Arsenal,Male,,Human,,-99.0,DC Comics,,good,-99.0,False,Above Average,Low Intelligence
Astro Boy,Male,brown,,Black,-99.0,,,good,-99.0,False,Extremely Powerful,Smart
Atlas,Male,brown,Mutant,Red,183.0,Marvel Comics,,good,101.0,False,Above Average,Average Intelligence
Atlas,Male,blue,God / Eternal,Brown,198.0,DC Comics,,bad,126.0,True,Above Average,Genius
Atom,Male,blue,,Red,178.0,DC Comics,,good,68.0,False,Below Average,Smart
Atom,Male,,,,-99.0,DC Comics,,good,-99.0,True,Weak,Smart
Atom Girl,Female,black,,Black,168.0,DC Comics,,good,54.0,True,Below Average,Smart
Atom II,Male,brown,Human,Auburn,183.0,DC Comics,,good,81.0,True,Above Average,Super-Genius
Atom III,Male,,,Red,-99.0,DC Comics,,good,-99.0,True,Weak,Smart
Atom IV,Male,brown,,Black,-99.0,DC Comics,,good,72.0,True,Average,Smart
Aurora,Female,blue,Mutant,Black,180.0,Marvel Comics,,good,63.0,True,Extremely Powerful,Genius
Azazel,Male,yellow,Neyaphem,Black,183.0,Marvel Comics,red,bad,67.0,True,Above Average,Average Intelligence
Azrael,Male,brown,Human,Black,-99.0,DC Comics,,good,-99.0,True,Weak,Genius
Aztar,Male,,,,-99.0,DC Comics,,good,-99.0,False,Below Average,Low Intelligence
Bane,Male,,Human,,203.0,DC Comics,,bad,180.0,True,Average,Low Intelligence
Banshee,Male,green,Human,Strawberry Blond,183.0,Marvel Comics,,good,77.0,True,Average,Low Intelligence
Bantam,Male,brown,,Black,165.0,Marvel Comics,,good,54.0,True,Below Average,Genius
Batgirl,Female,,,,-99.0,DC Comics,,good,-99.0,True,Extremely Powerful,Genius
Batgirl,Female,green,Human,Red,170.0,DC Comics,,good,57.0,False,Above Average,Genius
Batgirl III,Female,,,,-99.0,DC Comics,,good,-99.0,True,Weak,Genius
Batgirl IV,Female,green,Human,Black,165.0,DC Comics,,good,52.0,False,Weak,Genius
Batgirl V,Female,,,,-99.0,DC Comics,,good,-99.0,True,Below Average,Smart
Batgirl VI,Female,blue,,Blond,168.0,DC Comics,,good,61.0,False,Above Average,Super-Genius
Batman,Male,blue,Human,black,188.0,DC Comics,,good,95.0,False,Weak,Average Intelligence
Batman,Male,blue,Human,Black,178.0,DC Comics,,good,77.0,False,Below Average,Low Intelligence
Batman II,Male,blue,Human,Black,178.0,DC Comics,,good,79.0,True,Above Average,Smart
Battlestar,Male,brown,,Black,198.0,Marvel Comics,,good,133.0,True,Above Average,Genius
Batwoman V,Female,green,Human,Red,178.0,DC Comics,,good,-99.0,True,Weak,Genius
Beak,Male,black,,White,175.0,Marvel Comics,,good,63.0,False,Below Average,Smart
Beast,Male,blue,Mutant,Blue,180.0,Marvel Comics,blue,good,181.0,True,Average,Low Intelligence
Beast Boy,Male,green,Human,Green,173.0,DC Comics,green,good,68.0,True,Weak,Low Intelligence
Beetle,Male,,,,-99.0,Marvel Comics,,bad,-99.0,True,Average,Average Intelligence
Ben 10,Male,,,,-99.0,DC Comics,,good,-99.0,True,Below Average,Average Intelligence
Beta Ray Bill,Male,,,No Hair,201.0,Marvel Comics,,good,216.0,False,Below Average,Smart
Beyonder,Male,,God / Eternal,,-99.0,Marvel Comics,,good,-99.0,False,Extremely Powerful,Genius
Big Barda,Female,blue,New God,Black,188.0,DC Comics,,bad,135.0,False,Extremely Powerful,Genius
Big Daddy,Male,,,,-99.0,Icon Comics,,good,-99.0,True,Above Average,Low Intelligence
Big Man,Male,blue,,Brown,165.0,Marvel Comics,,bad,71.0,True,Above Average,Smart
Bill Harken,Male,,Alpha,,-99.0,SyFy,,good,-99.0,False,Below Average,Average Intelligence
Billy Kincaid,Male,,,,-99.0,Image Comics,,bad,-99.0,True,Below Average,Genius
Binary,Female,blue,,Blond,180.0,Marvel Comics,,good,54.0,True,Above Average,Low Intelligence
Bionic Woman,Female,blue,Cyborg,Black,-99.0,,,good,-99.0,True,Extremely Powerful,Low Intelligence
Bird-Brain,,,,,-99.0,Marvel Comics,,good,-99.0,False,Average,Smart
Bird-Man,Male,,Human,,-99.0,Marvel Comics,,bad,-99.0,True,Average,Genius
Bird-Man II,Male,,Human,,-99.0,Marvel Comics,,bad,-99.0,False,Weak,Low Intelligence
Birdman,Male,,God / Eternal,,-99.0,Hanna-Barbera,,good,-99.0,True,Average,Low Intelligence
Bishop,Male,brown,Mutant,No Hair,198.0,Marvel Comics,,good,124.0,False,Extremely Powerful,Low Intelligence
Bizarro,Male,black,Bizarro,Black,191.0,DC Comics,white,neutral,155.0,True,Below Average,Low Intelligence
Black Abbott,Male,red,,Black,-99.0,Marvel Comics,,bad,-99.0,True,Weak,Smart
Black Adam,Male,brown,,Black,191.0,DC Comics,,bad,113.0,True,Weak,Low Intelligence
Black Bolt,Male,blue,Inhuman,Black,188.0,Marvel Comics,,good,95.0,False,Extremely Powerful,Super-Genius
Black Canary,Female,blue,Human,Blond,165.0,DC Comics,,good,58.0,True,Above Average,Super-Genius
Black Canary,Female,blue,Metahuman,Blond,170.0,DC Comics,,good,59.0,False,Below Average,Smart
Black Cat,Female,green,Human,Blond,178.0,Marvel Comics,,good,54.0,False,Weak,Super-Genius
Black Flash,Male,,God / Eternal,,-99.0,DC Comics,,neutral,-99.0,False,Average,Genius
Black Goliath,Male,,,,-99.0,Marvel Comics,,good,-99.0,True,Above Average,Average Intelligence
Black Knight III,Male,brown,Human,Brown,183.0,Marvel Comics,,good,86.0,False,Average,Low Intelligence
Black Lightning,Male,brown,,No Hair,185.0,DC Comics,,good,90.0,False,Average,Smart
Black Mamba,Female,green,,Black,170.0,Marvel Comics,,bad,52.0,True,Below Average,Low Intelligence
Black Manta,Male,black,Human,No Hair,188.0,DC Comics,,bad,92.0,True,Above Average,Average Intelligence
Black Panther,Male,brown,Human,Black,183.0,Marvel Comics,,good,90.0,True,Weak,Low Intelligence
Black Widow,Female,green,Human,Auburn,170.0,Marvel Comics,,good,59.0,True,Above Average,Super-Genius
Black Widow II,Female,blue,,Blond,170.0,Marvel Comics,,good,61.0,True,Below Average,Genius
Blackout,Male,red,Demon,White,191.0,Marvel Comics,white,bad,104.0,False,Weak,Smart
Blackwing,Male,blue,,Black,185.0,Marvel Comics,,bad,86.0,False,Above Average,Low Intelligence
Blackwulf,Male,red,Alien,White,188.0,Marvel Comics,,,88.0,False,Extremely Powerful,Super-Genius
Blade,Male,brown,Vampire,Black,188.0,Marvel Comics,,good,97.0,False,Above Average,Genius
Blaquesmith,,black,,No Hair,-99.0,Marvel Comics,,good,-99.0,True,Below Average,Low Intelligence
Bling!,Female,,,,168.0,Marvel Comics,,good,68.0,False,Extremely Powerful,Super-Genius
Blink,Female,green,Mutant,Magenta,165.0,Marvel Comics,pink,good,56.0,True,Extremely Powerful,Smart
Blizzard,Male,,,,-99.0,Marvel Comics,,bad,-99.0,False,Below Average,Average Intelligence
Blizzard,Male,,,Brown,-99.0,Marvel Comics,,bad,-99.0,True,Extremely Powerful,Super-Genius
Blizzard II,Male,brown,,Brown,175.0,Marvel Comics,,bad,77.0,True,Extremely Powerful,Average Intelligence
Blob,Male,brown,,Brown,178.0,Marvel Comics,,bad,230.0,False,Extremely Powerful,Super-Genius
Bloodaxe,Female,blue,Human,Brown,218.0,Marvel Comics,,bad,495.0,True,Above Average,Low Intelligence
Bloodhawk,Male,black,Mutant,No Hair,-99.0,Marvel Comics,,good,-99.0,False,Extremely Powerful,Smart
Bloodwraith,Male,white,,No Hair,30.5,Marvel Comics,,bad,-99.0,True,Above Average,Super-Genius
Blue Beetle,Male,blue,,Brown,-99.0,DC Comics,,good,-99.0,False,Weak,Genius
Blue Beetle,Male,,,,-99.0,DC Comics,,good,-99.0,True,Weak,Genius
Blue Beetle II,Male,blue,,Brown,183.0,DC Comics,,good,86.0,False,Weak,Super-Genius
Blue Beetle III,Male,brown,Human,Black,-99.0,DC Comics,,good,-99.0,False,Below Average,Smart
Boba Fett,Male,brown,Human / Clone,Black,183.0,George Lucas,,bad,-99.0,False,Extremely Powerful,Average Intelligence
Bolt,Male,,,,-99.0,Marvel Comics,,good,-99.0,True,Above Average,Average Intelligence
Bomb Queen,Female,,,,-99.0,Image Comics,,bad,-99.0,True,Below Average,Genius
Boom-Boom,Female,blue,Mutant,Blond,165.0,Marvel Comics,,good,55.0,False,Average,Low Intelligence
Boomer,Female,,,,-99.0,Marvel Comics,,good,-99.0,False,Below Average,Smart
Booster Gold,Male,blue,Human,Blond,196.0,DC Comics,,good,97.0,False,Average,Smart
Box,Male,,,,-99.0,Marvel Comics,,good,-99.0,False,Weak,Low Intelligence
Box III,,blue,,Blond,193.0,Marvel Comics,,good,110.0,False,Below Average,Low Intelligence
Box IV,,brown,,Brown / Black,-99.0,Marvel Comics,,good,-99.0,True,Below Average,Low Intelligence
Brainiac,Male,green,Android,No Hair,198.0,DC Comics,green,bad,135.0,True,Below Average,Low Intelligence
Brainiac 5,Male,green,,Blond,170.0,DC Comics,,good,61.0,True,Above Average,Genius
Brother Voodoo,Male,brown,Human,Brown / White,183.0,Marvel Comics,,good,99.0,True,Average,Smart
Brundlefly,Male,,Mutant,,193.0,,,,-99.0,True,Average,Super-Genius
Buffy,Female,green,Human,Blond,157.0,Dark Horse Comics,,good,52.0,True,Above Average,Average Intelligence
Bullseye,Male,blue,Human,blond,183.0,Marvel Comics,,bad,90.0,True,Average,Genius
Bumblebee,Female,brown,Human,Black,170.0,DC Comics,,good,59.0,False,Above Average,Super-Genius
Bumbleboy,Male,,,,-99.0,Marvel Comics,,good,-99.0,True,Average,Average Intelligence
Bushido,Male,,Human,,-99.0,DC Comics,,good,-99.0,True,Weak,Genius
Cable,Male,blue,Mutant,White,203.0,Marvel Comics,,good,158.0,True,Below Average,Genius
Callisto,Female,blue,,Black,175.0,Marvel Comics,,bad,74.0,False,Extremely Powerful,Genius
Cameron Hicks,Male,,Alpha,,-99.0,SyFy,,good,-99.0,False,Above Average,Smart
Cannonball,Male,blue,,Blond,183.0,Marvel Comics,,good,81.0,True,Weak,Smart
Captain America,Male,blue,Human,blond,188.0,Marvel Comics,,good,108.0,True,Below Average,Genius
Captain Atom,Male,blue,Human / Radiation,Silver,193.0,DC Comics,silver,good,90.0,False,Below Average,Genius
Captain Britain,Male,blue,Human,Blond,198.0,Marvel Comics,,good,116.0,False,Average,Super-Genius
Captain Cold,Male,brown,Human,Brown,-99.0,DC Comics,,neutral,-99.0,True,Weak,Low Intelligence
Captain Epic,Male,blue,,Brown,188.0,Team Epic TV,,good,-99.0,True,Average,Average Intelligence
Captain Hindsight,Male,,Human,Black,-99.0,South Park,,good,-99.0,True,Weak,Low Intelligence
Captain Mar-vell,Male,blue,,Blond,188.0,Marvel Comics,,good,108.0,False,Extremely Powerful,Smart
Captain Marvel,Female,blue,Human-Kree,Blond,180.0,Marvel Comics,,good,74.0,True,Above Average,Genius
Captain Marvel,Male,blue,Human,Black,193.0,DC Comics,,good,101.0,False,Above Average,Super-Genius
Captain Marvel II,Male,blue,Human,Black,175.0,DC Comics,,good,74.0,True,Below Average,Super-Genius
Captain Midnight,Male,,Human,,-99.0,Dark Horse Comics,,good,-99.0,False,Above Average,Average Intelligence
Captain Planet,Male,red,God / Eternal,Green,-99.0,Marvel Comics,,good,-99.0,True,Average,Low Intelligence
Captain Universe,,,God / Eternal,,-99.0,Marvel Comics,,good,-99.0,True,Below Average,Low Intelligence
Carnage,Male,green,Symbiote,Red,185.0,Marvel Comics,,bad,86.0,False,Extremely Powerful,Genius
Cat,Female,blue,,Blond,173.0,Marvel Comics,,good,61.0,True,Above Average,Smart
Cat II,Female,,,,-99.0,Marvel Comics,,good,-99.0,True,Extremely Powerful,Genius
Catwoman,Female,green,Human,Black,175.0,DC Comics,,good,61.0,False,Extremely Powerful,Super-Genius
Cecilia Reyes,,brown,,Brown,170.0,Marvel Comics,,good,62.0,True,Average,Low Intelligence
Century,Male,white,Alien,White,201.0,Marvel Comics,grey,good,97.0,True,Weak,Smart
Cerebra,Female,,Mutant,,-99.0,Marvel Comics,,good,-99.0,True,Below Average,Genius
Chamber,Male,brown,Mutant,Brown,175.0,Marvel Comics,,good,63.0,True,Above Average,Low Intelligence
Chameleon,Male,,,,-99.0,DC Comics,,bad,-99.0,False,Average,Low Intelligence
Changeling,Male,brown,,Black,180.0,Marvel Comics,,bad,81.0,True,Below Average,Genius
Cheetah,Female,green,Human,Blond,163.0,DC Comics,,bad,50.0,True,Average,Low Intelligence
Cheetah II,Female,green,Human,Brown,170.0,DC Comics,,bad,55.0,False,Extremely Powerful,Average Intelligence
Cheetah III,Female,brown,Human,Brown,175.0,DC Comics,,bad,54.0,False,Below Average,Super-Genius
Chromos,Male,brown,,Red / Grey,185.0,Team Epic TV,,bad,86.0,False,Weak,Smart
Chuck Norris,Male,,,,178.0,,,good,-99.0,False,Above Average,Genius
Citizen Steel,Male,green,Human,Red,183.0,DC Comics,,good,170.0,False,Average,Average Intelligence
Claire Bennet,Female,blue,,Blond,-99.0,NBC - Heroes,,good,-99.0,False,Below Average,Average Intelligence
Clea,,,,White,-99.0,Marvel Comics,,good,-99.0,True,Average,Average Intelligence
Cloak,Male,brown,,black,226.0,Marvel Comics,,good,70.0,True,Below Average,Genius
Clock King,Male,blue,Human,Black,178.0,DC Comics,,bad,78.0,False,Extremely Powerful,Genius
Cogliostro,Male,,,,-99.0,Image Comics,,bad,-99.0,False,Below Average,Low Intelligence
Colin Wagner,Male,grey,,Brown,-99.0,HarperCollins,,good,-99.0,False,Extremely Powerful,Low Intelligence
Colossal Boy,Male,,,,-99.0,DC Comics,,good,-99.0,False,Extremely Powerful,Super-Genius
Colossus,Male,silver,Mutant,Black,226.0,Marvel Comics,,good,225.0,True,Average,Super-Genius
Copycat,Female,red,Mutant,White,183.0,Marvel Comics,blue,neutral,67.0,True,Average,Super-Genius
Corsair,Male,brown,,Brown,191.0,Marvel Comics,,good,79.0,True,Below Average,Smart
Cottonmouth,Male,brown,Human,Black,183.0,Marvel Comics,,bad,99.0,False,Average,Smart
Crimson Crusader,Male,blue,,Strawberry Blond,-99.0,Marvel Comics,,good,-99.0,True,Below Average,Average Intelligence
Crimson Dynamo,Male,brown,,No Hair,180.0,Marvel Comics,,good,104.0,True,Below Average,Smart
Crystal,Female,green,Inhuman,Red,168.0,Marvel Comics,,good,50.0,True,Above Average,Low Intelligence
Curse,Male,,,,-99.0,Image Comics,,bad,-99.0,False,Weak,Average Intelligence
Cy-Gor,Male,,,,-99.0,Image Comics,,bad,-99.0,False,Weak,Smart
Cyborg,Male,brown,Cyborg,Black,198.0,DC Comics,,good,173.0,True,Weak,Super-Genius
Cyborg Superman,Male,blue,Cyborg,Black,-99.0,DC Comics,,bad,-99.0,False,Below Average,Super-Genius
Cyclops,Male,brown,Mutant,Brown,191.0,Marvel Comics,,good,88.0,False,Above Average,Genius
Cypher,,blue,,Blond,175.0,Marvel Comics,,good,68.0,True,Extremely Powerful,Genius
Dagger,Female,blue,,Blond,165.0,Marvel Comics,,good,52.0,False,Average,Super-Genius
Danny Cooper,Male,brown,,Blond,-99.0,HarperCollins,,good,-99.0,False,Extremely Powerful,Average Intelligence
Daphne Powell,Female,,,,-99.0,ABC Studios,,good,-99.0,False,Above Average,Smart
Daredevil,Male,blue,Human,Red,183.0,Marvel Comics,,good,90.0,True,Average,Average Intelligence
Darkhawk,Male,brown,Human,Brown,185.0,Marvel Comics,,good,81.0,False,Average,Low Intelligence
Darkman,Male,,,,-99.0,Universal Studios,,good,-99.0,True,Weak,Smart
Darkseid,Male,red,New God,No Hair,267.0,DC Comics,grey,bad,817.0,False,Extremely Powerful,Low Intelligence
Darkside,,,,,-99.0,,,bad,-99.0,True,Below Average,Smart
Darkstar,Female,brown,Mutant,Blond,168.0,Marvel Comics,,good,56.0,False,Below Average,Smart
Darth Maul,Male,yellow / red,Dathomirian Zabrak,,170.0,George Lucas,red / black,bad,-99.0,False,Above Average,Super-Genius
Darth Vader,Male,yellow,Cyborg,No Hair,198.0,George Lucas,,bad,135.0,False,Above Average,Super-Genius
Dash,Male,blue,Human,Blond,122.0,Dark Horse Comics,,good,27.0,False,Above Average,Genius
Data,Male,yellow,Android,Brown,-99.0,Star Trek,,good,-99.0,False,Average,Super-Genius
Dazzler,Female,blue,Mutant,Blond,173.0,Marvel Comics,,good,52.0,False,Average,Super-Genius
Deadman,Male,blue,Human,Black,183.0,DC Comics,,good,90.0,True,Below Average,Low Intelligence
Deadpool,Male,brown,Mutant,No Hair,188.0,Marvel Comics,,neutral,95.0,False,Weak,Genius
Deadshot,Male,brown,Human,Brown,185.0,DC Comics,,bad,91.0,True,Extremely Powerful,Smart
Deathlok,Male,brown,Cyborg,Grey,193.0,Marvel Comics,,good,178.0,True,Average,Low Intelligence
Deathstroke,Male,blue,Human,White,193.0,DC Comics,,neutral,101.0,False,Below Average,Genius
Demogoblin,Male,red,Demon,No Hair,185.0,Marvel Comics,,bad,95.0,False,Average,Genius
Destroyer,Male,,,,188.0,Marvel Comics,,bad,383.0,False,Weak,Super-Genius
Diamondback,Male,brown,Human,Black,193.0,Marvel Comics,,bad,90.0,True,Average,Super-Genius
DL Hawkins,Male,,,,-99.0,NBC - Heroes,,good,-99.0,True,Below Average,Average Intelligence
Doc Samson,Male,blue,Human / Radiation,Green,198.0,Marvel Comics,,good,171.0,True,Above Average,Smart
Doctor Doom,Male,brown,Human,Brown,201.0,Marvel Comics,,bad,187.0,True,Extremely Powerful,Genius
Doctor Doom II,Male,brown,,Brown,201.0,Marvel Comics,,bad,132.0,False,Below Average,Genius
Doctor Fate,Male,blue,Human,Blond,188.0,DC Comics,,good,89.0,True,Extremely Powerful,Smart
Doctor Octopus,Male,brown,Human,Brown,175.0,Marvel Comics,,bad,110.0,False,Above Average,Smart
Doctor Strange,Male,grey,Human,Black,188.0,Marvel Comics,,good,81.0,True,Extremely Powerful,Genius
Domino,Female,blue,Human,Black,173.0,Marvel Comics,white,good,54.0,False,Extremely Powerful,Super-Genius
Donatello,Male,green,Mutant,No Hair,-99.0,IDW Publishing,green,good,-99.0,True,Above Average,Smart
Donna Troy,Female,blue,Amazon,Black,175.0,DC Comics,,good,63.0,True,Above Average,Average Intelligence
Doomsday,Male,red,Alien,White,244.0,DC Comics,,bad,412.0,False,Average,Genius
Doppelganger,Male,white,,No Hair,196.0,Marvel Comics,,bad,104.0,False,Extremely Powerful,Low Intelligence
Dormammu,Male,yellow,,No Hair,185.0,Marvel Comics,,bad,-99.0,True,Weak,Average Intelligence
Dr Manhattan,Male,white,Human / Cosmic,No Hair,-99.0,DC Comics,blue,good,-99.0,True,Below Average,Average Intelligence
Drax the Destroyer,Male,red,Human / Altered,No Hair,193.0,Marvel Comics,green,good,306.0,True,Average,Genius
Ego,,,,,-99.0,Marvel Comics,,bad,-99.0,True,Above Average,Smart
Elastigirl,Female,brown,Human,Brown,168.0,Dark Horse Comics,,good,56.0,True,Extremely Powerful,Smart
Electro,Male,blue,Human,Auburn,180.0,Marvel Comics,,bad,74.0,False,Below Average,Smart
Elektra,Female,blue,Human,Black,175.0,Marvel Comics,,good,59.0,True,Extremely Powerful,Low Intelligence
Elle Bishop,Female,blue,,Blond,-99.0,NBC - Heroes,,bad,-99.0,True,Weak,Low Intelligence
Elongated Man,Male,blue,,Red,185.0,DC Comics,,good,80.0,False,Weak,Low Intelligence
Emma Frost,Female,blue,,Blond,178.0,Marvel Comics,,good,65.0,False,Above Average,Low Intelligence
Enchantress,Female,blue,Human,Blond,168.0,DC Comics,,good,57.0,True,Below Average,Low Intelligence
Energy,Female,,,,-99.0,HarperCollins,,good,-99.0,False,Above Average,Average Intelligence
ERG-1,Male,,,,-99.0,DC Comics,,good,-99.0,False,Below Average,Average Intelligence
Ethan Hunt,Male,brown,Human,Brown,168.0,,,good,-99.0,True,Above Average,Average Intelligence
Etrigan,Male,red,Demon,No Hair,193.0,DC Comics,yellow,neutral,203.0,False,Extremely Powerful,Smart
Evil Deadpool,Male,white,Mutant,Red,188.0,Marvel Comics,,bad,95.0,False,Extremely Powerful,Super-Genius
Evilhawk,Male,red,Alien,Black,191.0,Marvel Comics,green,bad,106.0,True,Average,Genius
Exodus,Male,blue,Mutant,Black,183.0,Marvel Comics,red,bad,88.0,True,Average,Genius
Fabian Cortez,,blue,,Brown,196.0,Marvel Comics,,bad,96.0,False,Weak,Smart
Falcon,Male,brown,Human,Black,188.0,Marvel Comics,,good,108.0,True,Weak,Genius
Fallen One II,Male,black,,Blue,-99.0,Marvel Comics,,bad,-99.0,False,Extremely Powerful,Genius
Faora,Female,,Kryptonian,,-99.0,DC Comics,,bad,-99.0,False,Average,Genius
Feral,,yellow (without irises),,Orange / White,175.0,Marvel Comics,,good,50.0,False,Below Average,Smart
Fighting Spirit,Female,,,Red,-99.0,DC Comics,,good,-99.0,False,Extremely Powerful,Low Intelligence
Fin Fang Foom,Male,red,Kakarantharaian,No Hair,975.0,Marvel Comics,green,good,18.0,False,Extremely Powerful,Low Intelligence
Firebird,Female,brown,,Black,165.0,Marvel Comics,,good,56.0,False,Weak,Genius
Firelord,,white,,Yellow,193.0,Marvel Comics,,good,99.0,True,Average,Low Intelligence
Firestar,Female,green,Mutant,Red,173.0,Marvel Comics,,good,56.0,True,Average,Average Intelligence
Firestorm,Male,brown,,Black,-99.0,DC Comics,,good,-99.0,False,Weak,Average Intelligence
Firestorm,Male,blue,Human,Auburn,188.0,DC Comics,,good,91.0,False,Above Average,Genius
Fixer,,red,,No Hair,-99.0,Marvel Comics,,bad,-99.0,True,Below Average,Smart
Flash,Male,blue,Human,Brown / White,180.0,DC Comics,,good,81.0,True,Average,Super-Genius
Flash Gordon,Male,,,,-99.0,,,good,-99.0,True,Below Average,Super-Genius
Flash II,Male,blue,Human,Blond,183.0,DC Comics,,good,88.0,False,Weak,Genius
Flash III,Male,,Human,,183.0,DC Comics,,good,86.0,True,Above Average,Average Intelligence
Flash IV,Male,yellow,Human,Auburn,157.0,DC Comics,,good,52.0,False,Above Average,Average Intelligence
Forge,,brown,,Black,183.0,Marvel Comics,,good,81.0,True,Average,Smart
Franklin Richards,Male,blue,Mutant,Blond,142.0,Marvel Comics,,good,45.0,False,Below Average,Genius
Franklin Storm,,blue,,Grey,188.0,Marvel Comics,,good,92.0,False,Above Average,Genius
Frenzy,Female,brown,,Black,211.0,Marvel Comics,,bad,104.0,False,Below Average,Low Intelligence
Frigga,Female,blue,,White,180.0,Marvel Comics,,good,167.0,True,Extremely Powerful,Average Intelligence
Galactus,Male,black,Cosmic Entity,Black,876.0,Marvel Comics,,neutral,16.0,False,Extremely Powerful,Super-Genius
Gambit,Male,red,Mutant,Brown,185.0,Marvel Comics,,good,81.0,False,Weak,Genius
Gamora,Female,yellow,Zen-Whoberian,Black,183.0,Marvel Comics,green,good,77.0,False,Average,Average Intelligence
Garbage Man,Male,,Mutant,,-99.0,DC Comics,,good,-99.0,False,Extremely Powerful,Low Intelligence
Gary Bell,Male,,Alpha,,-99.0,SyFy,,good,-99.0,True,Below Average,Smart
General Zod,Male,black,Kryptonian,Black,-99.0,DC Comics,,bad,-99.0,False,Average,Average Intelligence
Genesis,Male,blue,,Blond,185.0,Marvel Comics,,good,86.0,False,Average,Low Intelligence
Ghost Rider,Male,red,Demon,No Hair,188.0,Marvel Comics,,good,99.0,True,Extremely Powerful,Low Intelligence
Ghost Rider II,,,,,-99.0,Marvel Comics,,good,-99.0,True,Average,Genius
Giant-Man,Male,,Human,,-99.0,Marvel Comics,,good,-99.0,False,Above Average,Low Intelligence
Giant-Man II,Male,,,,-99.0,Marvel Comics,,good,-99.0,True,Extremely Powerful,Average Intelligence
Giganta,Female,green,,Red,62.5,DC Comics,,bad,630.0,True,Weak,Genius
Gladiator,Male,blue,Strontian,Blue,198.0,Marvel Comics,purple,neutral,268.0,True,Below Average,Low Intelligence
Goblin Queen,Female,green,,Red,168.0,Marvel Comics,,bad,50.0,True,Below Average,Low Intelligence
Godzilla,,,Kaiju,,108.0,,grey,bad,,True,Average,Low Intelligence
Gog,Male,,,,-99.0,DC Comics,,bad,-99.0,True,Average,Average Intelligence
Goku,Male,,Saiyan,,175.0,Shueisha,,good,62.0,False,Above Average,Super-Genius
Goliath,Male,,,,-99.0,Marvel Comics,,good,-99.0,True,Extremely Powerful,Super-Genius
Goliath,Male,,Human,,-99.0,Marvel Comics,,good,-99.0,False,Above Average,Super-Genius
Goliath,Male,,Human,,-99.0,Marvel Comics,,good,-99.0,True,Average,Genius
Goliath IV,Male,brown,,Black,183.0,Marvel Comics,,good,90.0,True,Extremely Powerful,Average Intelligence
Gorilla Grodd,Male,yellow,Gorilla,Black,198.0,DC Comics,,bad,270.0,False,Average,Genius
Granny Goodness,Female,blue,,White,178.0,DC Comics,,bad,115.0,False,Below Average,Smart
Gravity,Male,blue,Human,Brown,178.0,Marvel Comics,,good,79.0,True,Above Average,Smart
Greedo,Male,purple,Rodian,,170.0,George Lucas,green,bad,-99.0,True,Extremely Powerful,Smart
Green Arrow,Male,green,Human,Blond,188.0,DC Comics,,good,88.0,False,Extremely Powerful,Genius
Green Goblin,Male,blue,Human,Auburn,180.0,Marvel Comics,,bad,83.0,False,Below Average,Super-Genius
Green Goblin II,Male,blue,,Auburn,178.0,Marvel Comics,,bad,77.0,False,Average,Smart
Green Goblin III,Male,,,,183.0,Marvel Comics,,good,88.0,False,Weak,Super-Genius
Green Goblin IV,Male,green,,Brown,178.0,Marvel Comics,,good,79.0,True,Extremely Powerful,Average Intelligence
Groot,Male,yellow,Flora Colossus,,701.0,Marvel Comics,,good,4.0,True,Weak,Genius
Guardian,Male,brown,Human,Black,-99.0,Marvel Comics,,good,-99.0,False,Above Average,Super-Genius
Guy Gardner,Male,blue,Human-Vuldarian,Red,188.0,DC Comics,,good,95.0,False,Below Average,Super-Genius
Hal Jordan,Male,brown,Human,Brown,188.0,DC Comics,,good,90.0,True,Weak,Smart
Han Solo,Male,brown,Human,Brown,183.0,George Lucas,,good,79.0,False,Weak,Smart
Hancock,Male,brown,Human,Black,188.0,Sony Pictures,,good,-99.0,False,Above Average,Super-Genius
Harley Quinn,Female,blue,Human,Blond,170.0,DC Comics,,bad,63.0,True,Average,Super-Genius
Harry Potter,Male,green,Human,Black,-99.0,J. K. Rowling,,good,-99.0,False,Above Average,Smart
Havok,Male,blue,Mutant,Blond,183.0,Marvel Comics,,good,79.0,False,Extremely Powerful,Super-Genius
Hawk,Male,red,,Brown,185.0,DC Comics,,good,89.0,False,Weak,Smart
Hawkeye,Male,blue,Human,Blond,191.0,Marvel Comics,,good,104.0,False,Extremely Powerful,Average Intelligence
Hawkeye II,Female,blue,Human,Black,165.0,Marvel Comics,,good,57.0,True,Weak,Genius
Hawkgirl,Female,green,,Red,175.0,DC Comics,,good,61.0,True,Extremely Powerful,Super-Genius
Hawkman,Male,blue,,Brown,185.0,DC Comics,,good,88.0,True,Average,Smart
Hawkwoman,Female,green,,Red,175.0,DC Comics,,good,54.0,True,Weak,Low Intelligence
Hawkwoman II,Female,,,,-99.0,DC Comics,,good,-99.0,False,Average,Genius
Hawkwoman III,Female,blue,,Red,170.0,DC Comics,,good,65.0,True,Below Average,Low Intelligence
Heat Wave,Male,blue,Human,No Hair,180.0,DC Comics,,bad,81.0,False,Weak,Smart
Hela,Female,green,Asgardian,Black,213.0,Marvel Comics,,bad,225.0,True,Above Average,Smart
Hellboy,Male,gold,Demon,Black,259.0,Dark Horse Comics,,good,158.0,False,Below Average,Smart
Hellcat,Female,blue,Human,Red,173.0,Marvel Comics,,good,61.0,False,Weak,Smart
Hellstorm,Male,red,,Red,185.0,Marvel Comics,,good,81.0,True,Extremely Powerful,Genius
Hercules,Male,blue,Demi-God,Brown,196.0,Marvel Comics,,good,146.0,True,Extremely Powerful,Smart
Hiro Nakamura,Male,,,,-99.0,NBC - Heroes,,good,-99.0,False,Average,Smart
Hit-Girl,Female,,Human,,-99.0,Icon Comics,,good,-99.0,True,Below Average,Low Intelligence
Hobgoblin,Male,blue,,Grey,180.0,Marvel Comics,,bad,83.0,True,Extremely Powerful,Low Intelligence
Hollow,Female,blue,,Red,170.0,Marvel Comics,,good,-99.0,True,Above Average,Average Intelligence
Hope Summers,Female,green,,Red,168.0,Marvel Comics,,good,48.0,True,Above Average,Smart
Howard the Duck,Male,brown,,Yellow,79.0,Marvel Comics,,good,18.0,True,Weak,Smart
Hulk,Male,green,Human / Radiation,Green,244.0,Marvel Comics,green,good,630.0,True,Average,Low Intelligence
Human Torch,Male,blue,Human / Radiation,Blond,178.0,Marvel Comics,,good,77.0,True,Extremely Powerful,Super-Genius
Huntress,Female,blue,,Black,180.0,DC Comics,,good,59.0,False,Extremely Powerful,Smart
Husk,Female,blue,Mutant,Blond,170.0,Marvel Comics,,good,58.0,False,Weak,Average Intelligence
Hybrid,Male,brown,Symbiote,Black,175.0,Marvel Comics,,good,77.0,True,Weak,Genius
Hydro-Man,Male,brown,,Brown,188.0,Marvel Comics,,bad,119.0,True,Average,Super-Genius
Hyperion,Male,blue,Eternal,Red,183.0,Marvel Comics,,good,207.0,True,Below Average,Genius
Iceman,Male,brown,Mutant,Brown,173.0,Marvel Comics,,good,65.0,False,Weak,Low Intelligence
Impulse,Male,yellow,Human,Auburn,170.0,DC Comics,,good,65.0,False,Below Average,Low Intelligence
Indiana Jones,Male,,Human,,183.0,George Lucas,,good,79.0,False,Below Average,Genius
Indigo,Female,,Alien,Purple,-99.0,DC Comics,,neutral,-99.0,False,Extremely Powerful,Smart
Ink,Male,blue,Mutant,No Hair,180.0,Marvel Comics,,good,81.0,False,Weak,Smart
Invisible Woman,Female,blue,Human / Radiation,Blond,168.0,Marvel Comics,,good,54.0,False,Below Average,Low Intelligence
Iron Fist,Male,blue,Human,Blond,180.0,Marvel Comics,,good,79.0,True,Below Average,Average Intelligence
Iron Man,Male,blue,Human,Black,198.0,Marvel Comics,,good,191.0,False,Weak,Low Intelligence
Iron Monger,Male,blue,,No Hair,-99.0,Marvel Comics,,bad,2.0,True,Below Average,Super-Genius
Isis,Female,,,,-99.0,DC Comics,,good,-99.0,False,Average,Average Intelligence
Jack Bauer,Male,,,,-99.0,,,good,-99.0,True,Above Average,Average Intelligence
Jack of Hearts,Male,blue / white,Human,Brown,155.0,Marvel Comics,,good,79.0,True,Weak,Smart
Jack-Jack,Male,blue,Human,Brown,71.0,Dark Horse Comics,,good,14.0,False,Extremely Powerful,Low Intelligence
James Bond,Male,blue,Human,Blond,183.0,Titan Books,,good,-99.0,True,Weak,Super-Genius
James T. Kirk,Male,hazel,Human,Brown,178.0,Star Trek,,good,77.0,False,Above Average,Low Intelligence
Jar Jar Binks,Male,yellow,Gungan,,193.0,George Lucas,orange / white,good,-99.0,False,Above Average,Smart
Jason Bourne,Male,,Human,,-99.0,,,good,-99.0,True,Weak,Genius
Jean Grey,Female,green,Mutant,Red,168.0,Marvel Comics,,good,52.0,False,Average,Super-Genius
Jean-Luc Picard,Male,,Human,,-99.0,Star Trek,,good,-99.0,False,Below Average,Smart
Jennifer Kale,Female,blue,,Blond,168.0,Marvel Comics,,good,55.0,False,Extremely Powerful,Genius
Jesse Quick,Female,,Human,,-99.0,DC Comics,,good,-99.0,True,Below Average,Low Intelligence
Jessica Cruz,Female,green,Human,Brown,-99.0,DC Comics,,good,-99.0,False,Extremely Powerful,Genius
Jessica Jones,Female,brown,Human,Brown,170.0,Marvel Comics,,good,56.0,False,Extremely Powerful,Genius
Jessica Sanders,Female,,,,-99.0,NBC - Heroes,,good,-99.0,False,Average,Super-Genius
Jigsaw,Male,blue,,Black,188.0,Marvel Comics,,bad,113.0,True,Below Average,Low Intelligence
Jim Powell,Male,,,,-99.0,ABC Studios,,good,-99.0,True,Weak,Genius
JJ Powell,Male,,,,-99.0,ABC Studios,,good,-99.0,False,Weak,Smart
Johann Krauss,Male,,,,-99.0,Dark Horse Comics,,good,-99.0,True,Above Average,Smart
John Constantine,Male,blue,Human,Blond,183.0,DC Comics,,good,-99.0,False,Above Average,Smart
John Stewart,Male,green,Human,Black,185.0,DC Comics,,good,90.0,False,Average,Average Intelligence
John Wraith,Male,brown,,Black,183.0,Marvel Comics,,good,88.0,False,Below Average,Super-Genius
Joker,Male,green,Human,Green,196.0,DC Comics,white,bad,86.0,False,Weak,Low Intelligence
Jolt,Female,blue,,Black,165.0,Marvel Comics,,good,49.0,True,Extremely Powerful,Low Intelligence
Jubilee,Female,red,Mutant,Black,165.0,Marvel Comics,,good,52.0,False,Above Average,Smart
Judge Dredd,Male,,Human,,188.0,Rebellion,,good,-99.0,False,Weak,Genius
Juggernaut,Male,blue,Human,Red,287.0,Marvel Comics,,neutral,855.0,False,Above Average,Smart
Junkpile,Male,,Mutant,,-99.0,Marvel Comics,,bad,-99.0,False,Extremely Powerful,Smart
Justice,Male,hazel,Human,Brown,178.0,Marvel Comics,,good,81.0,False,Weak,Smart
Jyn Erso,Female,green,Human,Brown,-99.0,George Lucas,,good,-99.0,True,Average,Genius
K-2SO,Male,white,Android,No Hair,213.0,George Lucas,gray,good,-99.0,True,Extremely Powerful,Genius
Kang,Male,brown,,Brown,191.0,Marvel Comics,,bad,104.0,True,Below Average,Smart
Karate Kid,Male,brown,Human,Brown,173.0,DC Comics,,good,72.0,True,Weak,Genius
Kathryn Janeway,Female,,Human,,-99.0,Star Trek,,good,-99.0,False,Weak,Low Intelligence
Katniss Everdeen,Female,,Human,,-99.0,,,good,-99.0,True,Average,Smart
Kevin 11,Male,,Human,Black,-99.0,DC Comics,,good,-99.0,True,Below Average,Smart
Kick-Ass,Male,blue,Human,Blond,-99.0,Icon Comics,,good,-99.0,True,Below Average,Smart
Kid Flash,Male,green,Human,Red,-99.0,DC Comics,,good,-99.0,True,Extremely Powerful,Genius
Kid Flash II,Male,,,,-99.0,DC Comics,,good,-99.0,True,Weak,Low Intelligence
Killer Croc,Male,red,Metahuman,No Hair,244.0,DC Comics,green,bad,356.0,True,Extremely Powerful,Low Intelligence
Killer Frost,Female,blue,Human,Blond,-99.0,DC Comics,blue,bad,-99.0,False,Weak,Average Intelligence
Kilowog,Male,red,Bolovaxian,No Hair,234.0,DC Comics,pink,good,324.0,False,Average,Genius
King Kong,Male,yellow,Animal,Black,30.5,,,good,,False,Above Average,Average Intelligence
King Shark,Male,black,Animal,No Hair,-99.0,DC Comics,,bad,-99.0,True,Extremely Powerful,Average Intelligence
Kingpin,Male,blue,Human,No Hair,201.0,Marvel Comics,,bad,203.0,False,Average,Super-Genius
Klaw,Male,red,Human,No Hair,188.0,Marvel Comics,red,bad,97.0,True,Extremely Powerful,Genius
Kool-Aid Man,Male,black,,No Hair,-99.0,,red,good,-99.0,True,Above Average,Smart
Kraven II,Male,brown,Human,Black,191.0,Marvel Comics,,bad,99.0,False,Above Average,Genius
Kraven the Hunter,Male,brown,Human,Black,183.0,Marvel Comics,,bad,106.0,False,Above Average,Average Intelligence
Krypto,Male,blue,Kryptonian,White,64.0,DC Comics,,good,18.0,True,Extremely Powerful,Average Intelligence
Kyle Rayner,Male,green,Human,Black,180.0,DC Comics,,good,79.0,False,Above Average,Low Intelligence
Kylo Ren,Male,,Human,,-99.0,George Lucas,,bad,-99.0,True,Weak,Super-Genius
Lady Bullseye,Female,,,Black,-99.0,Marvel Comics,,bad,-99.0,True,Below Average,Average Intelligence
Lady Deathstrike,Female,brown,Cyborg,Black,175.0,Marvel Comics,,bad,58.0,False,Average,Super-Genius
Leader,Male,green,,No Hair,178.0,Marvel Comics,,bad,63.0,False,Average,Genius
Leech,Male,,,,-99.0,Marvel Comics,,good,-99.0,False,Above Average,Genius
Legion,Male,green / blue,Mutant,Black,175.0,Marvel Comics,,good,59.0,True,Below Average,Smart
Leonardo,Male,blue,Mutant,No Hair,-99.0,IDW Publishing,green,good,-99.0,False,Weak,Smart
Lex Luthor,Male,green,Human,No Hair,188.0,DC Comics,,bad,95.0,False,Average,Smart
Light Lass,Female,blue,,Red,165.0,DC Comics,,good,54.0,False,Weak,Low Intelligence
Lightning Lad,Male,blue,,Red,155.0,DC Comics,,good,65.0,True,Average,Low Intelligence
Lightning Lord,Male,blue,,Red,191.0,DC Comics,,bad,95.0,False,Below Average,Super-Genius
Living Brain,,yellow,,,198.0,Marvel Comics,,bad,360.0,True,Above Average,Low Intelligence
Living Tribunal,,blue,Cosmic Entity,No Hair,-99.0,Marvel Comics,gold,neutral,-99.0,False,Below Average,Genius
Liz Sherman,Female,,,,-99.0,Dark Horse Comics,,good,-99.0,False,Above Average,Average Intelligence
Lizard,Male,red,Human,No Hair,203.0,Marvel Comics,,bad,230.0,True,Below Average,Smart
Lobo,Male,red,Czarnian,Black,229.0,DC Comics,blue-white,neutral,288.0,False,Average,Super-Genius
Loki,Male,green,Asgardian,Black,193.0,Marvel Comics,,bad,236.0,False,Average,Super-Genius
Longshot,Male,blue,Human,Blond,188.0,Marvel Comics,,good,36.0,False,Average,Average Intelligence
Luke Cage,Male,brown,Human,Black,198.0,Marvel Comics,,good,191.0,False,Average,Genius
Luke Campbell,Male,,,,-99.0,NBC - Heroes,,bad,-99.0,True,Above Average,Average Intelligence
Luke Skywalker,Male,blue,Human,Blond,168.0,George Lucas,,good,77.0,True,Above Average,Average Intelligence
Luna,Female,,Human,,-99.0,Marvel Comics,,good,-99.0,False,Extremely Powerful,Super-Genius
Lyja,Female,green,,Green,-99.0,Marvel Comics,,good,-99.0,False,Weak,Super-Genius
Mach-IV,Male,brown,,Brown,180.0,Marvel Comics,,bad,79.0,True,Average,Smart
Machine Man,,red,,Black,183.0,Marvel Comics,,good,383.0,False,Extremely Powerful,Average Intelligence
Magneto,Male,grey,Mutant,White,188.0,Marvel Comics,,bad,86.0,True,Average,Average Intelligence
Magog,Male,blue,,Blond,-99.0,DC Comics,,good,-99.0,True,Weak,Low Intelligence
Magus,Male,black,,,183.0,Marvel Comics,,bad,-99.0,False,Extremely Powerful,Smart
Man of Miracles,,blue,God / Eternal,Silver,-99.0,Image Comics,,,-99.0,True,Average,Smart
Man-Bat,Male,brown,Human,Brown,-99.0,DC Comics,,neutral,-99.0,False,Below Average,Low Intelligence
Man-Thing,Male,red,,No Hair,213.0,Marvel Comics,green,good,225.0,False,Average,Genius
Man-Wolf,Male,brown,,Auburn,188.0,Marvel Comics,,good,90.0,True,Above Average,Low Intelligence
Mandarin,Male,blue,Human,White,188.0,Marvel Comics,,bad,97.0,False,Extremely Powerful,Average Intelligence
Mantis,Female,green,Human-Kree,Black,168.0,Marvel Comics,green,good,52.0,False,Extremely Powerful,Super-Genius
Martian Manhunter,Male,red,Martian,No Hair,201.0,DC Comics,green,good,135.0,False,Weak,Low Intelligence
Marvel Girl,Female,green,,Red,170.0,Marvel Comics,,good,56.0,True,Below Average,Genius
Master Brood,Male,blue,,Black,183.0,Team Epic TV,,good,81.0,True,Below Average,Super-Genius
Master Chief,Male,brown,Human / Altered,Brown,213.0,Microsoft,,good,-99.0,False,Average,Genius
Match,Male,black,,Black,-99.0,DC Comics,,bad,-99.0,True,Extremely Powerful,Low Intelligence
Matt Parkman,Male,,,,-99.0,NBC - Heroes,,good,-99.0,True,Weak,Genius
Maverick,Male,blue,,Black,193.0,Marvel Comics,,good,110.0,False,Weak,Average Intelligence
Maxima,Female,brown,,Red,180.0,DC Comics,,bad,72.0,False,Weak,Smart
Maya Herrera,Female,,,,-99.0,NBC - Heroes,,good,-99.0,False,Average,Low Intelligence
Medusa,Female,green,Inhuman,Red,180.0,Marvel Comics,,good,59.0,False,Above Average,Average Intelligence
Meltdown,Female,blue,,Blond,165.0,Marvel Comics,,good,54.0,False,Above Average,Low Intelligence
Mephisto,Male,white,,Black,198.0,Marvel Comics,,bad,140.0,True,Average,Low Intelligence
Mera,Female,blue,Atlantean,Red,175.0,DC Comics,,good,72.0,True,Average,Average Intelligence
Metallo,Male,green,Android,Brown,196.0,DC Comics,,bad,90.0,True,Below Average,Average Intelligence
Metamorpho,Male,black,,No Hair,185.0,DC Comics,,good,90.0,True,Above Average,Super-Genius
Meteorite,Female,,,,-99.0,Marvel Comics,,good,-99.0,False,Above Average,Genius
Metron,Male,blue,,Black,185.0,DC Comics,,good,86.0,False,Extremely Powerful,Low Intelligence
Micah Sanders,Male,brown,,Black,-99.0,NBC - Heroes,,good,-99.0,True,Average,Smart
Michelangelo,Male,blue,Mutant,,-99.0,IDW Publishing,green,good,-99.0,False,Extremely Powerful,Super-Genius
Micro Lad,Male,grey,,Brown,183.0,DC Comics,,good,77.0,False,Weak,Genius
Mimic,Male,brown,,Brown,188.0,Marvel Comics,,good,101.0,True,Above Average,Smart
Minna Murray,Female,,,,-99.0,Wildstorm,,good,-99.0,False,Above Average,Low Intelligence
Misfit,Female,blue,,Red,-99.0,DC Comics,,good,-99.0,False,Above Average,Super-Genius
Miss Martian,Female,red,,Red,178.0,DC Comics,,good,61.0,False,Above Average,Genius
Mister Fantastic,Male,brown,Human / Radiation,Brown,185.0,Marvel Comics,,good,81.0,True,Below Average,Low Intelligence
Mister Freeze,Male,,Human,,183.0,DC Comics,,bad,86.0,True,Extremely Powerful,Average Intelligence
Mister Knife,Male,blue,Spartoi,Brown,-99.0,Marvel Comics,,bad,-99.0,False,Extremely Powerful,Genius
Mister Mxyzptlk,Male,,God / Eternal,,-99.0,DC Comics,,bad,-99.0,True,Below Average,Smart
Mister Sinister,Male,red,Human / Altered,Black,196.0,Marvel Comics,,bad,128.0,False,Above Average,Low Intelligence
Mister Zsasz,Male,blue,Human,Blond,-99.0,DC Comics,,bad,-99.0,True,Below Average,Super-Genius
Mockingbird,Female,blue,Human,Blond,175.0,Marvel Comics,,good,61.0,False,Above Average,Low Intelligence
MODOK,Male,white,Cyborg,Brownn,366.0,Marvel Comics,,bad,338.0,True,Weak,Smart
Mogo,Male,,Planet,,-99.0,DC Comics,,good,-99.0,False,Above Average,Super-Genius
Mohinder Suresh,Male,,,,-99.0,NBC - Heroes,,good,-99.0,True,Weak,Genius
Moloch,Male,,,,-99.0,DC Comics,,bad,-99.0,False,Extremely Powerful,Average Intelligence
Molten Man,Male,gold,,Gold,196.0,Marvel Comics,,bad,248.0,False,Extremely Powerful,Low Intelligence
Monarch,Male,blue,,White,193.0,DC Comics,,good,90.0,True,Above Average,Average Intelligence
Monica Dawson,Female,,,,-99.0,NBC - Heroes,,good,-99.0,True,Average,Average Intelligence
Moon Knight,Male,brown,Human,Brown,188.0,Marvel Comics,,good,101.0,True,Above Average,Low Intelligence
Moonstone,Female,blue,,Blond,180.0,Marvel Comics,,bad,59.0,False,Below Average,Average Intelligence
Morlun,Male,white / red,,Black,188.0,Marvel Comics,,bad,79.0,True,Weak,Genius
Morph,Male,white,,No Hair,178.0,Marvel Comics,,good,79.0,True,Below Average,Low Intelligence
Moses Magnum,Male,brown,,Black,175.0,Marvel Comics,,bad,72.0,True,Weak,Average Intelligence
Mr Immortal,Male,blue,Mutant,Blond,188.0,Marvel Comics,,good,70.0,True,Extremely Powerful,Smart
Mr Incredible,Male,blue,Human,Blond,201.0,Dark Horse Comics,,good,158.0,True,Average,Super-Genius
Ms Marvel II,Female,blue,,Red,173.0,Marvel Comics,,good,61.0,False,Weak,Super-Genius
Multiple Man,Male,blue,,Brown,180.0,Marvel Comics,,good,70.0,True,Below Average,Average Intelligence
Mysterio,Male,brown,Human,No Hair,180.0,Marvel Comics,,bad,79.0,False,Weak,Average Intelligence
Mystique,Female,yellow (without irises),Mutant,Red / Orange,178.0,Marvel Comics,blue,bad,54.0,False,Above Average,Low Intelligence
Namor,Male,,,,-99.0,Marvel Comics,,good,-99.0,True,Extremely Powerful,Genius
Namor,Male,grey,Atlantean,Black,188.0,Marvel Comics,,good,125.0,False,Below Average,Average Intelligence
Namora,Female,blue,,Blond,180.0,Marvel Comics,,good,85.0,False,Weak,Smart
Namorita,Female,blue,,Blond,168.0,Marvel Comics,,good,101.0,False,Extremely Powerful,Genius
Naruto Uzumaki,Male,,Human,,168.0,Shueisha,,good,54.0,True,Above Average,Genius
Nathan Petrelli,Male,brown,,,-99.0,NBC - Heroes,,good,-99.0,False,Below Average,Low Intelligence
Nebula,Female,blue,Luphomoid,No Hair,185.0,Marvel Comics,blue,bad,83.0,True,Average,Low Intelligence
Negasonic Teenage Warhead,Female,black,Mutant,Black,-99.0,Marvel Comics,,good,-99.0,False,Extremely Powerful,Smart
Nick Fury,Male,brown,Human,Brown / White,185.0,Marvel Comics,,good,99.0,True,Below Average,Average Intelligence
Nightcrawler,Male,yellow,,Indigo,175.0,Marvel Comics,,good,88.0,False,Average,Genius
Nightwing,Male,blue,Human,Black,178.0,DC Comics,,good,79.0,True,Below Average,Low Intelligence
Niki Sanders,Female,blue,,Blond,-99.0,NBC - Heroes,,good,-99.0,True,Above Average,Low Intelligence
Nina Theroux,Female,,Alpha,,-99.0,SyFy,,good,-99.0,True,Weak,Average Intelligence
Nite Owl II,Male,,,,-99.0,DC Comics,,good,-99.0,False,Extremely Powerful,Smart
Northstar,Male,blue,,Black,180.0,Marvel Comics,,good,83.0,True,Extremely Powerful,Genius
Nova,Male,brown,Human,Brown,185.0,Marvel Comics,,good,86.0,True,Weak,Low Intelligence
Nova,Female,white,Human / Cosmic,Red,163.0,Marvel Comics,gold,good,59.0,False,Above Average,Genius
Odin,Male,blue,God / Eternal,White,206.0,Marvel Comics,,good,293.0,False,Weak,Average Intelligence
Offspring,Male,,,,-99.0,DC Comics,,good,-99.0,True,Average,Super-Genius
Omega Red,Male,red,,Blond,211.0,Marvel Comics,,bad,191.0,True,Average,Average Intelligence
Omniscient,Male,brown,,Black,180.0,Team Epic TV,,good,65.0,True,Extremely Powerful,Low Intelligence
One Punch Man,Male,,Human,No Hair,175.0,Shueisha,,good,69.0,True,Weak,Average Intelligence
One-Above-All,,,Cosmic Entity,,-99.0,Marvel Comics,,neutral,-99.0,False,Above Average,Smart
Onslaught,Male,red,Mutant,No Hair,305.0,Marvel Comics,,bad,405.0,False,Below Average,Average Intelligence
Oracle,Female,blue,Human,Red,178.0,DC Comics,,good,59.0,True,Average,Average Intelligence
Osiris,Male,brown,,Brown,-99.0,DC Comics,,good,-99.0,False,Average,Average Intelligence
Overtkill,Male,,,,-99.0,Image Comics,,bad,-99.0,False,Above Average,Smart
Ozymandias,Male,blue,Human,Blond,-99.0,DC Comics,,bad,-99.0,False,Above Average,Super-Genius
Parademon,,,Parademon,,-99.0,DC Comics,,bad,-99.0,False,Average,Low Intelligence
Paul Blart,Male,,Human,,170.0,Sony Pictures,,good,117.0,True,Below Average,Genius
Penance,,,,,-99.0,Marvel Comics,,good,-99.0,False,Above Average,Super-Genius
Penance I,Female,,,,-99.0,Marvel Comics,,good,-99.0,False,Average,Genius
Penance II,Male,blue,,Blond,183.0,Marvel Comics,,good,89.0,False,Weak,Super-Genius
Penguin,Male,blue,Human,Black,157.0,DC Comics,,bad,79.0,False,Weak,Genius
Peter Petrelli,Male,,,,-99.0,NBC - Heroes,,good,-99.0,False,Extremely Powerful,Low Intelligence
Phantom,Male,,,,-99.0,DC Comics,,good,-99.0,False,Above Average,Smart
Phantom Girl,Female,blue,,Black,168.0,DC Comics,,good,54.0,False,Above Average,Super-Genius
Phoenix,Female,green,Mutant,Red,168.0,Marvel Comics,,good,52.0,True,Above Average,Low Intelligence
Plantman,Male,green,Mutant,Grey,183.0,Marvel Comics,,bad,87.0,True,Extremely Powerful,Average Intelligence
Plastic Lad,Male,,,,-99.0,DC Comics,,good,-99.0,True,Average,Smart
Plastic Man,Male,blue,Human,Black,185.0,DC Comics,,good,80.0,True,Average,Smart
Plastique,Female,blue,,Red,168.0,DC Comics,,bad,55.0,True,Below Average,Low Intelligence
Poison Ivy,Female,green,Human,Red,168.0,DC Comics,green,bad,50.0,True,Extremely Powerful,Super-Genius
Polaris,Female,green,Mutant,Green,170.0,Marvel Comics,,good,52.0,False,Extremely Powerful,Average Intelligence
Power Girl,Female,blue,Kryptonian,blond,180.0,DC Comics,,good,81.0,True,Average,Low Intelligence
Power Man,Male,,Mutant,,-99.0,Marvel Comics,,good,-99.0,False,Weak,Super-Genius
Predator,Male,,Yautja,,213.0,Dark Horse Comics,,bad,234.0,True,Average,Smart
Professor X,Male,blue,Mutant,No Hair,183.0,Marvel Comics,,good,86.0,True,Above Average,Smart
Professor Zoom,Male,blue,Human,Strawberry Blond,180.0,DC Comics,,bad,81.0,True,Below Average,Average Intelligence
Proto-Goblin,Male,green,,Blond,-99.0,Marvel Comics,,bad,-99.0,False,Average,Genius
Psylocke,Female,blue,Mutant,Purple,180.0,Marvel Comics,,good,70.0,False,Average,Low Intelligence
Punisher,Male,blue,Human,Black,183.0,Marvel Comics,,good,90.0,False,Weak,Average Intelligence
Purple Man,Male,purple,Human,Purple,180.0,Marvel Comics,purple,bad,74.0,True,Weak,Super-Genius
Pyro,Male,blue,,Blond,178.0,Marvel Comics,,bad,68.0,False,Extremely Powerful,Genius
Q,Male,,God / Eternal,,-99.0,Star Trek,,,-99.0,False,Below Average,Genius
Quantum,Male,,,,-99.0,HarperCollins,,good,-99.0,False,Above Average,Super-Genius
Question,Male,blue,Human,Blond,188.0,DC Comics,,good,83.0,False,Weak,Genius
Quicksilver,Male,blue,Mutant,Silver,183.0,Marvel Comics,,good,79.0,True,Below Average,Super-Genius
Quill,Male,brown,,Brown,163.0,Marvel Comics,,good,56.0,True,Weak,Smart
Ra's Al Ghul,Male,green,Human,Grey,193.0,DC Comics,,bad,97.0,False,Weak,Low Intelligence
Rachel Pirzad,Female,,Alpha,,-99.0,SyFy,,good,-99.0,True,Weak,Smart
Rambo,Male,brown,Human,Black,178.0,,,good,83.0,True,Weak,Smart
Raphael,Male,,Mutant,No Hair,-99.0,IDW Publishing,green,good,-99.0,False,Extremely Powerful,Genius
Raven,Female,indigo,Human,Black,165.0,DC Comics,,neutral,50.0,True,Extremely Powerful,Smart
Ray,Male,green,Human,Red,178.0,DC Comics,,good,70.0,False,Extremely Powerful,Low Intelligence
Razor-Fist II,Male,blue,,No Hair,191.0,Marvel Comics,,bad,117.0,False,Below Average,Super-Genius
Red Arrow,Male,green,Human,Red,180.0,DC Comics,,good,83.0,False,Extremely Powerful,Low Intelligence
Red Hood,Male,blue,Human,Black,183.0,DC Comics,,neutral,81.0,True,Average,Genius
Red Hulk,Male,yellow,Human / Radiation,Black,213.0,Marvel Comics,red,neutral,630.0,True,Above Average,Super-Genius
Red Mist,Male,,,,-99.0,Icon Comics,,bad,-99.0,True,Average,Genius
Red Robin,Male,blue,Human,Black,165.0,DC Comics,,good,56.0,True,Average,Genius
Red Skull,Male,blue,,No Hair,188.0,Marvel Comics,,bad,108.0,False,Above Average,Super-Genius
Red Tornado,Male,green,Android,No Hair,185.0,DC Comics,,good,146.0,True,Weak,Super-Genius
Redeemer II,Male,,,,-99.0,Image Comics,,bad,-99.0,True,Weak,Smart
Redeemer III,Male,,,,-99.0,Image Comics,,bad,-99.0,False,Above Average,Average Intelligence
Renata Soliz,Female,,,,-99.0,HarperCollins,,good,-99.0,False,Above Average,Average Intelligence
Rey,Female,hazel,Human,Brown,297.0,George Lucas,,good,-99.0,True,Average,Super-Genius
Rhino,Male,brown,Human / Radiation,Brown,196.0,Marvel Comics,,bad,320.0,True,Average,Smart
Rick Flag,Male,blue,,Brown,185.0,DC Comics,,bad,85.0,False,Below Average,Smart
Riddler,Male,,,,-99.0,DC Comics,,bad,-99.0,True,Average,Genius
Rip Hunter,Male,blue,Human,Blond,-99.0,DC Comics,,good,-99.0,True,Above Average,Genius
Ripcord,Female,green,,Black,180.0,Marvel Comics,,good,72.0,False,Weak,Average Intelligence
Robin,Male,blue,Human,Black,178.0,DC Comics,,good,79.0,True,Below Average,Smart
Robin II,Male,blue,Human,Red,183.0,DC Comics,,good,101.0,False,Weak,Average Intelligence
Robin III,Male,blue,Human,Black,165.0,DC Comics,,good,56.0,True,Average,Low Intelligence
Robin V,Male,blue,Human,Black,137.0,DC Comics,,good,38.0,True,Below Average,Smart
Robin VI,Female,green,Human,Red,-99.0,DC Comics,,neutral,-99.0,True,Above Average,Low Intelligence
Rocket Raccoon,Male,brown,Animal,Brown,122.0,Marvel Comics,,good,25.0,True,Above Average,Super-Genius
Rogue,Female,green,,Brown / White,173.0,Marvel Comics,,good,54.0,False,Below Average,Smart
Ronin,Male,blue,Human,Blond,191.0,Marvel Comics,,good,104.0,False,Above Average,Smart
Rorschach,Male,blue,Human,Red,168.0,DC Comics,,good,63.0,False,Below Average,Average Intelligence
Sabretooth,Male,amber,Mutant,Blond,198.0,Marvel Comics,,bad,171.0,False,Extremely Powerful,Smart
Sage,Female,blue,,Black,170.0,Marvel Comics,,good,61.0,True,Above Average,Smart
Sandman,Male,brown,Human,Brown,185.0,Marvel Comics,,neutral,203.0,True,Extremely Powerful,Super-Genius
Sasquatch,Male,red,,Orange,305.0,Marvel Comics,,good,900.0,True,Average,Super-Genius
Sauron,Male,,Maiar,,279.0,J. R. R. Tolkien,,bad,-99.0,True,Extremely Powerful,Low Intelligence
Savage Dragon,Male,,,,-99.0,Image Comics,,good,-99.0,True,Weak,Genius
Scarecrow,Male,blue,Human,Brown,183.0,DC Comics,,bad,63.0,False,Average,Genius
Scarlet Spider,Male,blue,Human,Blond,178.0,Marvel Comics,,good,74.0,True,Weak,Low Intelligence
Scarlet Spider II,Male,brown,Clone,Brown,193.0,Marvel Comics,,good,113.0,True,Average,Genius
Scarlet Witch,Female,blue,Mutant,Brown,170.0,Marvel Comics,,bad,59.0,True,Below Average,Genius
Scorpia,Female,green,,Red,-99.0,Marvel Comics,,bad,-99.0,False,Below Average,Genius
Scorpion,Male,brown,Human,Brown,211.0,Marvel Comics,,bad,310.0,False,Extremely Powerful,Average Intelligence
Sebastian Shaw,Male,,Mutant,,-99.0,Marvel Comics,,bad,-99.0,True,Below Average,Average Intelligence
Sentry,Male,blue,Mutant,Blond,188.0,Marvel Comics,,neutral,87.0,True,Extremely Powerful,Super-Genius
Shadow King,,red,,,185.0,Marvel Comics,,good,149.0,True,Above Average,Low Intelligence
Shadow Lass,Female,black,Talokite,Black,173.0,DC Comics,blue,good,54.0,False,Extremely Powerful,Super-Genius
Shadowcat,Female,hazel,Mutant,Brown,168.0,Marvel Comics,,good,50.0,False,Average,Super-Genius
Shang-Chi,Male,brown,Human,Black,178.0,Marvel Comics,,good,79.0,True,Below Average,Low Intelligence
Shatterstar,Male,brown,,Red,191.0,Marvel Comics,,good,88.0,True,Below Average,Genius
She-Hulk,Female,green,Human,Green,201.0,Marvel Comics,,good,315.0,False,Extremely Powerful,Genius
She-Thing,Female,blue,Human / Radiation,No Hair,183.0,Marvel Comics,,good,153.0,True,Below Average,Average Intelligence
Shocker,Male,brown,Human,Brown,175.0,Marvel Comics,,bad,79.0,True,Extremely Powerful,Genius
Shriek,Female,yellow / blue,,Black,173.0,Marvel Comics,,good,52.0,True,Average,Genius
Shrinking Violet,Female,,,,-99.0,DC Comics,,good,-99.0,False,Weak,Genius
Sif,Female,blue,Asgardian,Black,188.0,Marvel Comics,,good,191.0,False,Average,Average Intelligence
Silk,Female,brown,Human,Black,-99.0,Marvel Comics,,good,-99.0,False,Extremely Powerful,Super-Genius
Silk Spectre,Female,,,,-99.0,DC Comics,,good,-99.0,False,Above Average,Genius
Silk Spectre II,Female,,,,-99.0,DC Comics,,good,-99.0,False,Below Average,Low Intelligence
Silver Surfer,Male,white,Alien,No Hair,193.0,Marvel Comics,silver,good,101.0,True,Extremely Powerful,Smart
Silverclaw,Female,brown,,Black,157.0,Marvel Comics,,good,50.0,False,Extremely Powerful,Genius
Simon Baz,Male,bown,Human,Black,-99.0,DC Comics,,good,-99.0,False,Above Average,Low Intelligence
Sinestro,Male,black,Korugaran,Black,201.0,DC Comics,red,neutral,92.0,False,Weak,Super-Genius
Siren,Female,blue,Atlantean,Purple,175.0,DC Comics,,bad,72.0,True,Average,Smart
Siren II,Female,black,,,-99.0,DC Comics,,bad,-99.0,True,Extremely Powerful,Average Intelligence
Siryn,Female,blue,,Strawberry Blond,168.0,Marvel Comics,,bad,52.0,False,Weak,Low Intelligence
Skaar,Male,green,,Black,198.0,Marvel Comics,,good,180.0,False,Average,Average Intelligence
Snake-Eyes,Male,,Animal,,-99.0,Marvel Comics,,bad,-99.0,False,Below Average,Super-Genius
Snowbird,Female,white,,Blond,178.0,Marvel Comics,,good,49.0,True,Above Average,Super-Genius
Sobek,Male,white,,No Hair,-99.0,DC Comics,,good,-99.0,True,Average,Average Intelligence
Solomon Grundy,Male,black,Zombie,White,279.0,DC Comics,,bad,437.0,False,Average,Genius
Songbird,Female,green,,Red / White,165.0,Marvel Comics,,good,65.0,False,Below Average,Super-Genius
Space Ghost,Male,,Human,,188.0,DC Comics,,good,113.0,True,Below Average,Smart
Spawn,Male,brown,Demon,Black,211.0,Image Comics,,good,405.0,True,Above Average,Smart
Spectre,Male,white,God / Eternal,No Hair,-99.0,DC Comics,white,good,-99.0,False,Below Average,Smart
Speedball,Male,,,,-99.0,Marvel Comics,,good,-99.0,False,Below Average,Smart
Speedy,Male,,Human,,-99.0,DC Comics,,good,-99.0,False,Weak,Smart
Speedy,Female,green,Human,Brown,-99.0,DC Comics,,good,-99.0,False,Above Average,Low Intelligence
Spider-Carnage,Male,,Symbiote,,-99.0,Marvel Comics,,bad,-99.0,True,Extremely Powerful,Average Intelligence
Spider-Girl,Female,blue,Human,Brown,170.0,Marvel Comics,,good,54.0,False,Extremely Powerful,Super-Genius
Spider-Gwen,Female,blue,Human,Blond,165.0,Marvel Comics,,good,56.0,True,Above Average,Smart
Spider-Man,Male,hazel,Human,Brown,178.0,Marvel Comics,,good,74.0,False,Average,Low Intelligence
Spider-Man,,red,Human,Brown,178.0,Marvel Comics,,good,77.0,True,Above Average,Super-Genius
Spider-Man,Male,brown,Human,Black,157.0,Marvel Comics,,good,56.0,True,Weak,Super-Genius
Spider-Woman,Female,green,Human,Black,178.0,Marvel Comics,,good,59.0,True,Average,Smart
Spider-Woman II,Female,,,,-99.0,Marvel Comics,,good,-99.0,True,Average,Genius
Spider-Woman III,Female,brown,,Brown,173.0,Marvel Comics,,good,55.0,True,Average,Low Intelligence
Spider-Woman IV,Female,red,,White,178.0,Marvel Comics,,bad,58.0,False,Weak,Low Intelligence
Spock,Male,brown,Human-Vulcan,Black,185.0,Star Trek,,good,81.0,False,Weak,Genius
Spyke,Male,brown,Mutant,Blond,183.0,Marvel Comics,,good,83.0,False,Above Average,Super-Genius
Stacy X,Female,,,,-99.0,Marvel Comics,,good,-99.0,False,Weak,Genius
Star-Lord,Male,blue,Human-Spartoi,Blond,188.0,Marvel Comics,,good,79.0,False,Extremely Powerful,Smart
Stardust,Male,,,,-99.0,Marvel Comics,,good,-99.0,False,Above Average,Average Intelligence
Starfire,Female,green,Tamaranean,Auburn,193.0,DC Comics,orange,good,71.0,False,Average,Super-Genius
Stargirl,Female,blue,Human,Blond,165.0,DC Comics,,good,62.0,False,Extremely Powerful,Smart
Static,Male,brown,Mutant,Black,170.0,DC Comics,,good,63.0,True,Below Average,Smart
Steel,Male,brown,,No Hair,201.0,DC Comics,,good,131.0,True,Above Average,Average Intelligence
Stephanie Powell,Female,,,Blond,-99.0,ABC Studios,,good,-99.0,False,Above Average,Super-Genius
Steppenwolf,Male,red,New God,Black,183.0,DC Comics,white,bad,91.0,False,Weak,Smart
Storm,Female,blue,Mutant,White,180.0,Marvel Comics,,good,57.0,True,Below Average,Genius
Stormtrooper,Male,,Human,,183.0,George Lucas,,bad,-99.0,True,Average,Average Intelligence
Sunspot,Male,brown,Mutant,black,173.0,Marvel Comics,,good,77.0,True,Extremely Powerful,Low Intelligence
Superboy,Male,blue,,Black,170.0,DC Comics,,good,68.0,True,Average,Low Intelligence
Superboy-Prime,Male,blue,Kryptonian,Black / Blue,180.0,DC Comics,,bad,77.0,True,Weak,Average Intelligence
Supergirl,Female,blue,Kryptonian,Blond,165.0,DC Comics,,good,54.0,False,Above Average,Low Intelligence
Superman,Male,blue,Kryptonian,Black,191.0,DC Comics,,good,101.0,False,Weak,Super-Genius
Swamp Thing,Male,red,God / Eternal,No Hair,-99.0,DC Comics,green,bad,-99.0,False,Above Average,Super-Genius
Swarm,Male,yellow,Mutant,No Hair,196.0,Marvel Comics,yellow,bad,47.0,True,Average,Smart
Sylar,Male,,,,-99.0,NBC - Heroes,,bad,-99.0,True,Below Average,Low Intelligence
Synch,Male,brown,,Black,180.0,Marvel Comics,,good,74.0,False,Below Average,Genius
T-1000,Male,,Android,,183.0,Dark Horse Comics,silver,bad,146.0,True,Weak,Genius
T-800,Male,red,Cyborg,,-99.0,Dark Horse Comics,,bad,176.0,False,Above Average,Genius
T-850,Male,red,Cyborg,,-99.0,Dark Horse Comics,,bad,198.0,True,Extremely Powerful,Smart
T-X,Female,,Cyborg,,-99.0,Dark Horse Comics,silver,bad,149.0,False,Average,Low Intelligence
Taskmaster,Male,brown,Human,Brown,188.0,Marvel Comics,,bad,99.0,False,Weak,Genius
Tempest,Female,brown,,Black,163.0,Marvel Comics,,good,54.0,False,Average,Low Intelligence
Thanos,Male,red,Eternal,No Hair,201.0,Marvel Comics,purple,bad,443.0,True,Average,Low Intelligence
The Cape,Male,,,,-99.0,,,good,-99.0,False,Below Average,Average Intelligence
The Comedian,Male,brown,Human,Black,188.0,DC Comics,,neutral,101.0,False,Above Average,Low Intelligence
Thing,Male,blue,Human / Radiation,No Hair,183.0,Marvel Comics,,good,225.0,True,Average,Average Intelligence
Thor,Male,blue,Asgardian,Blond,198.0,Marvel Comics,,good,288.0,False,Above Average,Genius
Thor Girl,Female,blue,Asgardian,Blond,175.0,Marvel Comics,,good,143.0,True,Extremely Powerful,Genius
Thunderbird,Male,brown,,Black,185.0,Marvel Comics,,good,101.0,False,Weak,Low Intelligence
Thunderbird II,Male,,,,-99.0,Marvel Comics,,good,-99.0,True,Above Average,Average Intelligence
Thunderbird III,Male,brown,,Black,175.0,Marvel Comics,,good,74.0,True,Extremely Powerful,Low Intelligence
Thunderstrike,Male,blue,,Blond,198.0,Marvel Comics,,good,288.0,False,Above Average,Average Intelligence
Thundra,Female,green,,Red,218.0,Marvel Comics,,good,158.0,True,Average,Average Intelligence
Tiger Shark,Male,grey,Human,No Hair,185.0,Marvel Comics,grey,bad,203.0,True,Below Average,Super-Genius
Tigra,Female,green,,Auburn,178.0,Marvel Comics,,good,81.0,True,Average,Smart
Tinkerer,Male,brown,,White,163.0,Marvel Comics,,bad,54.0,True,Average,Average Intelligence
Titan,Male,,,,-99.0,HarperCollins,,good,-99.0,True,Extremely Powerful,Low Intelligence
Toad,Male,black,Mutant,Brown,175.0,Marvel Comics,green,neutral,76.0,False,Average,Genius
Toxin,Male,blue,Symbiote,Brown,188.0,Marvel Comics,,good,97.0,True,Extremely Powerful,Smart
Toxin,Male,black,Symbiote,Blond,191.0,Marvel Comics,,good,117.0,False,Above Average,Super-Genius
Tracy Strauss,Female,,,,-99.0,NBC - Heroes,,good,-99.0,True,Weak,Super-Genius
Trickster,Male,blue,Human,Blond,183.0,DC Comics,,,81.0,True,Extremely Powerful,Super-Genius
Trigon,Male,yellow,God / Eternal,Black,-99.0,DC Comics,red,bad,-99.0,False,Above Average,Low Intelligence
Triplicate Girl,Female,purple,,Brown,168.0,DC Comics,,good,59.0,True,Weak,Smart
Triton,Male,green,Inhuman,No Hair,188.0,Marvel Comics,green,good,86.0,True,Weak,Average Intelligence
Two-Face,Male,,,,183.0,DC Comics,,bad,82.0,False,Above Average,Low Intelligence
Ultragirl,Female,blue,,Blond,168.0,Marvel Comics,,good,105.0,False,Above Average,Average Intelligence
Ultron,Male,red,Android,,206.0,Marvel Comics,silver,bad,331.0,True,Below Average,Low Intelligence
Utgard-Loki,Male,blue,Frost Giant,White,15.2,Marvel Comics,,bad,58.0,False,Above Average,Super-Genius
Vagabond,Female,blue,,Strawberry Blond,168.0,Marvel Comics,,good,54.0,False,Above Average,Average Intelligence
Valerie Hart,Female,hazel,,Black,175.0,Team Epic TV,,good,56.0,False,Weak,Super-Genius
Valkyrie,Female,blue,,Blond,191.0,Marvel Comics,,good,214.0,False,Extremely Powerful,Low Intelligence
Vanisher,Male,green,,No Hair,165.0,Marvel Comics,,bad,79.0,False,Weak,Smart
Vegeta,Male,,Saiyan,Black,168.0,Shueisha,,bad,73.0,True,Weak,Average Intelligence
Venom,Male,blue,Symbiote,Strawberry Blond,191.0,Marvel Comics,,bad,117.0,False,Below Average,Average Intelligence
Venom II,Male,brown,,Black,175.0,Marvel Comics,,bad,50.0,False,Weak,Genius
Venom III,Male,brown,Symbiote,Brown,229.0,Marvel Comics,,bad,334.0,True,Above Average,Smart
Venompool,Male,,Symbiote,,226.0,Marvel Comics,,,-99.0,False,Above Average,Super-Genius
Vertigo II,Female,blue,,Silver,168.0,Marvel Comics,,good,52.0,True,Weak,Genius
Vibe,Male,brown,Human,Black,178.0,DC Comics,,good,71.0,False,Extremely Powerful,Smart
Vindicator,Female,green,Human,Red,165.0,Marvel Comics,,good,54.0,True,Above Average,Super-Genius
Vindicator,Male,,,,-99.0,Marvel Comics,,good,-99.0,False,Above Average,Super-Genius
Violator,Male,,,,-99.0,Image Comics,,bad,-99.0,True,Below Average,Smart
Violet Parr,Female,violet,Human,Black,137.0,Dark Horse Comics,,good,41.0,True,Weak,Genius
Vision,Male,gold,Android,No Hair,191.0,Marvel Comics,red,good,135.0,True,Average,Super-Genius
Vision II,,red,,No Hair,191.0,Marvel Comics,,good,135.0,False,Extremely Powerful,Smart
Vixen,Female,amber,Human,Black,175.0,DC Comics,,good,63.0,False,Average,Average Intelligence
Vulcan,Male,black,,Black,-99.0,Marvel Comics,,good,-99.0,False,Above Average,Super-Genius
Vulture,Male,brown,Human,No Hair,180.0,Marvel Comics,,bad,79.0,False,Average,Average Intelligence
Walrus,Male,blue,Human,Black,183.0,Marvel Comics,,bad,162.0,True,Below Average,Average Intelligence
War Machine,Male,brown,Human,Brown,185.0,Marvel Comics,,good,95.0,False,Average,Low Intelligence
Warbird,Female,blue,,Blond,180.0,Marvel Comics,,good,54.0,False,Above Average,Genius
Warlock,Male,red,,Blond,188.0,Marvel Comics,,good,108.0,True,Weak,Genius
Warp,Male,brown,,Black,173.0,DC Comics,,bad,67.0,False,Extremely Powerful,Average Intelligence
Warpath,Male,brown,Mutant,Black,218.0,Marvel Comics,,good,158.0,True,Average,Genius
Wasp,Female,blue,Human,Auburn,163.0,Marvel Comics,,good,50.0,False,Weak,Super-Genius
Watcher,Male,,,,-99.0,Marvel Comics,,good,-99.0,False,Average,Low Intelligence
Weapon XI,Male,,,,-99.0,Marvel Comics,,bad,-99.0,False,Below Average,Super-Genius
White Canary,Female,brown,Human,Black,-99.0,DC Comics,,bad,-99.0,False,Below Average,Low Intelligence
White Queen,Female,blue,,Blond,178.0,Marvel Comics,,good,65.0,True,Weak,Average Intelligence
Wildfire,Male,,,,-99.0,DC Comics,,good,-99.0,True,Below Average,Smart
Winter Soldier,Male,brown,Human,Brown,175.0,Marvel Comics,,good,117.0,True,Below Average,Low Intelligence
Wiz Kid,,brown,,Black,140.0,Marvel Comics,,good,39.0,False,Weak,Genius
Wolfsbane,Female,green,,Auburn,366.0,Marvel Comics,,good,473.0,True,Average,Super-Genius
Wolverine,Male,blue,Mutant,Black,160.0,Marvel Comics,,good,135.0,False,Above Average,Super-Genius
Wonder Girl,Female,blue,Demi-God,Blond,165.0,DC Comics,,good,51.0,True,Weak,Super-Genius
Wonder Man,Male,red,,Black,188.0,Marvel Comics,,good,171.0,False,Average,Genius
Wonder Woman,Female,blue,Amazon,Black,183.0,DC Comics,,good,74.0,False,Above Average,Low Intelligence
Wondra,Female,,,,-99.0,Marvel Comics,,good,-99.0,False,Above Average,Smart
Wyatt Wingfoot,Male,brown,,Black,196.0,Marvel Comics,,good,117.0,True,Extremely Powerful,Super-Genius
X-23,Female,green,Mutant / Clone,Black,155.0,Marvel Comics,,good,50.0,False,Weak,Average Intelligence
X-Man,Male,blue,,Brown,175.0,Marvel Comics,,good,61.0,False,Below Average,Low Intelligence
Yellow Claw,Male,blue,,No Hair,188.0,Marvel Comics,,bad,95.0,True,Extremely Powerful,Super-Genius
Yellowjacket,Male,blue,Human,Blond,183.0,Marvel Comics,,good,83.0,False,Above Average,Average Intelligence
Yellowjacket II,Female,blue,Human,Strawberry Blond,165.0,Marvel Comics,,good,52.0,True,Below Average,Genius
Ymir,Male,white,Frost Giant,No Hair,304.8,Marvel Comics,white,good,-99.0,True,Extremely Powerful,Smart
Yoda,Male,brown,Yoda's species,White,66.0,George Lucas,green,good,17.0,False,Above Average,Super-Genius
Zatanna,Female,blue,Human,Black,170.0,DC Comics,,good,57.0,True,Average,Smart
Zoom,Male,red,,Brown,185.0,DC Comics,,bad,81.0,True,Below Average,Genius
