Name,Publisher,Gender,Eye color,Race,Hair color,Height,Skin color,Alignment,Weight,Has Superpowers,Power Level,Intelligence Level
A-Bomb,Marvel Comics,Male,yellow,Human,No Hair,203.0,[],good,441.0,False,Extremely Powerful,Super-Genius
Abe Sapien,Dark Horse Comics,Male,blue,Icthyo Sapien,No Hair,191.0,blue,good,65.0,True,Below Average,Average Intelligence
Abin Sur,DC Comics,Male,blue,Ungaran,No Hair,185.0,red,good,90.0,True,Average,Low Intelligence
Abomination,Marvel Comics,Male,green,Human / Radiation,No Hair,203.0,[],bad,441.0,False,Extremely Powerful,Smart
Abraxas,Marvel Comics,Male,blue,Cosmic Entity,Black,-99.0,[],bad,-99.0,False,Extremely Powerful,Genius
Absorbing Man,Marvel Comics,Male,blue,Human,No Hair,193.0,[],bad,122.0,True,Below Average,Low Intelligence
Adam Monroe,NBC - Heroes,Male,blue,[],Blond,-99.0,[],good,-99.0,False,Above Average,Average Intelligence
Adam Strange,DC Comics,Male,blue,Human,Blond,185.0,[],good,88.0,True,Below Average,Low Intelligence
Agent 13,Marvel Comics,Female,blue,[],Blond,173.0,[],good,61.0,False,Average,Average Intelligence
Agent Bob,Marvel Comics,Male,brown,Human,Brown,178.0,[],good,81.0,True,Weak,Smart
Agent Zero,Marvel Comics,Male,[],[],[],191.0,[],good,104.0,False,Average,Genius
Air-Walker,Marvel Comics,Male,blue,[],White,188.0,[],bad,108.0,False,Weak,Super-Genius
Ajax,Marvel Comics,Male,brown,Cyborg,Black,193.0,[],bad,90.0,True,Above Average,Super-Genius
Alan Scott,DC Comics,Male,blue,[],Blond,180.0,[],good,90.0,False,Average,Genius
Alex Mercer,Wildstorm,Male,[],Human,[],-99.0,[],bad,-99.0,False,Extremely Powerful,Smart
Alex Woolsly,NBC - Heroes,Male,[],[],[],-99.0,[],good,-99.0,False,Extremely Powerful,Low Intelligence
Alfred Pennyworth,DC Comics,Male,blue,Human,Black,178.0,[],good,72.0,False,Extremely Powerful,Low Intelligence
Alien,Dark Horse Comics,Male,[],Xenomorph XX121,No Hair,244.0,black,bad,169.0,True,Above Average,Smart
Allan Quatermain,Wildstorm,Male,[],[],[],-99.0,[],good,-99.0,False,Average,Genius
Amazo,DC Comics,Male,red,Android,[],257.0,[],bad,173.0,False,Average,Genius
Ammo,Marvel Comics,Male,brown,Human,Black,188.0,[],bad,101.0,True,Above Average,Genius
Ando Masahashi,NBC - Heroes,Male,[],[],[],-99.0,[],good,-99.0,True,Extremely Powerful,Low Intelligence
Angel,Dark Horse Comics,Male,[],Vampire,[],-99.0,[],good,-99.0,True,Weak,Low Intelligence
Angel,Marvel Comics,Male,blue,[],Blond,183.0,[],good,68.0,True,Below Average,Super-Genius
Angel Dust,Marvel Comics,Female,yellow,Mutant,Black,165.0,[],good,57.0,False,Weak,Average Intelligence
Angel Salvadore,Marvel Comics,Female,brown,[],Black,163.0,[],good,54.0,True,Below Average,Average Intelligence
Angela,Image Comics,Female,[],[],[],-99.0,[],bad,-99.0,False,Below Average,Low Intelligence
Animal Man,DC Comics,Male,blue,Human,Blond,183.0,[],good,83.0,True,Extremely Powerful,Smart
Annihilus,Marvel Comics,Male,green,[],No Hair,180.0,[],bad,90.0,False,Weak,Super-Genius
Ant-Man,Marvel Comics,Male,blue,Human,Blond,211.0,[],good,122.0,False,Average,Super-Genius
Ant-Man II,Marvel Comics,Male,blue,Human,Blond,183.0,[],good,86.0,False,Average,Low Intelligence
Anti-Monitor,DC Comics,Male,yellow,God / Eternal,No Hair,61.0,[],bad,-99.0,False,Weak,Super-Genius
Anti-Spawn,Image Comics,Male,[],[],[],-99.0,[],bad,-99.0,True,Weak,Average Intelligence
Anti-Venom,Marvel Comics,Male,blue,Symbiote,Blond,229.0,[],[],358.0,False,Extremely Powerful,Low Intelligence
Apocalypse,Marvel Comics,Male,red,Mutant,Black,213.0,grey,bad,135.0,True,Average,Super-Genius
Aquababy,DC Comics,Male,blue,[],Blond,-99.0,[],good,-99.0,False,Weak,Low Intelligence
Aqualad,DC Comics,Male,blue,Atlantean,Black,178.0,[],good,106.0,False,Extremely Powerful,Low Intelligence
Aquaman,DC Comics,Male,blue,Atlantean,Blond,185.0,[],good,146.0,False,Below Average,Smart
Arachne,Marvel Comics,Female,blue,Human,Blond,175.0,[],good,63.0,True,Above Average,Genius
Archangel,Marvel Comics,Male,blue,Mutant,Blond,183.0,blue,good,68.0,False,Average,Smart
Arclight,Marvel Comics,Female,violet,[],Purple,173.0,[],bad,57.0,True,Above Average,Super-Genius
Ardina,Marvel Comics,Female,white,Alien,Orange,193.0,gold,good,98.0,True,Average,Genius
Ares,Marvel Comics,Male,brown,[],Brown,185.0,[],good,270.0,True,Above Average,Average Intelligence
Ariel,Marvel Comics,Female,purple,[],Pink,165.0,[],good,59.0,False,Below Average,Low Intelligence
Armor,Marvel Comics,Female,black,[],Black,163.0,[],good,50.0,False,Weak,Average Intelligence
Arsenal,DC Comics,Male,[],Human,[],-99.0,[],good,-99.0,False,Above Average,Low Intelligence
Atlas,DC Comics,Male,blue,God / Eternal,Brown,198.0,[],bad,126.0,True,Above Average,Genius
Atlas,Marvel Comics,Male,brown,Mutant,Red,183.0,[],good,101.0,False,Above Average,Average Intelligence
Atom,DC Comics,Male,blue,[],Red,[-99. 178.],[],good,[-99.  68.],[False  True],['Below Average' 'Weak'],Smart
Atom Girl,DC Comics,Female,black,[],Black,168.0,[],good,54.0,True,Below Average,Smart
Atom II,DC Comics,Male,brown,Human,Auburn,183.0,[],good,81.0,True,Above Average,Super-Genius
Atom III,DC Comics,Male,[],[],Red,-99.0,[],good,-99.0,True,Weak,Smart
Atom IV,DC Comics,Male,brown,[],Black,-99.0,[],good,72.0,True,Average,Smart
Aurora,Marvel Comics,Female,blue,Mutant,Black,180.0,[],good,63.0,True,Extremely Powerful,Genius
Azazel,Marvel Comics,Male,yellow,Neyaphem,Black,183.0,red,bad,67.0,True,Above Average,Average Intelligence
Azrael,DC Comics,Male,brown,Human,Black,-99.0,[],good,-99.0,True,Weak,Genius
Aztar,DC Comics,Male,[],[],[],-99.0,[],good,-99.0,False,Below Average,Low Intelligence
Bane,DC Comics,Male,[],Human,[],203.0,[],bad,180.0,True,Average,Low Intelligence
Banshee,Marvel Comics,Male,green,Human,Strawberry Blond,183.0,[],good,77.0,True,Average,Low Intelligence
Bantam,Marvel Comics,Male,brown,[],Black,165.0,[],good,54.0,True,Below Average,Genius
Batgirl,DC Comics,Female,green,Human,Red,[-99. 170.],[],good,[-99.  57.],[False  True],['Above Average' 'Extremely Powerful'],Genius
Batgirl III,DC Comics,Female,[],[],[],-99.0,[],good,-99.0,True,Weak,Genius
Batgirl IV,DC Comics,Female,green,Human,Black,165.0,[],good,52.0,False,Weak,Genius
Batgirl V,DC Comics,Female,[],[],[],-99.0,[],good,-99.0,True,Below Average,Smart
Batgirl VI,DC Comics,Female,blue,[],Blond,168.0,[],good,61.0,False,Above Average,Super-Genius
Batman,DC Comics,Male,blue,Human,['Black' 'black'],[178. 188.],[],good,[77. 95.],False,['Below Average' 'Weak'],['Average Intelligence' 'Low Intelligence']
Batman II,DC Comics,Male,blue,Human,Black,178.0,[],good,79.0,True,Above Average,Smart
Battlestar,Marvel Comics,Male,brown,[],Black,198.0,[],good,133.0,True,Above Average,Genius
Batwoman V,DC Comics,Female,green,Human,Red,178.0,[],good,-99.0,True,Weak,Genius
Beak,Marvel Comics,Male,black,[],White,175.0,[],good,63.0,False,Below Average,Smart
Beast,Marvel Comics,Male,blue,Mutant,Blue,180.0,blue,good,181.0,True,Average,Low Intelligence
Beast Boy,DC Comics,Male,green,Human,Green,173.0,green,good,68.0,True,Weak,Low Intelligence
Beetle,Marvel Comics,Male,[],[],[],-99.0,[],bad,-99.0,True,Average,Average Intelligence
Ben 10,DC Comics,Male,[],[],[],-99.0,[],good,-99.0,True,Below Average,Average Intelligence
Beta Ray Bill,Marvel Comics,Male,[],[],No Hair,201.0,[],good,216.0,False,Below Average,Smart
Beyonder,Marvel Comics,Male,[],God / Eternal,[],-99.0,[],good,-99.0,False,Extremely Powerful,Genius
Big Barda,DC Comics,Female,blue,New God,Black,188.0,[],bad,135.0,False,Extremely Powerful,Genius
Big Daddy,Icon Comics,Male,[],[],[],-99.0,[],good,-99.0,True,Above Average,Low Intelligence
Big Man,Marvel Comics,Male,blue,[],Brown,165.0,[],bad,71.0,True,Above Average,Smart
Bill Harken,SyFy,Male,[],Alpha,[],-99.0,[],good,-99.0,False,Below Average,Average Intelligence
Billy Kincaid,Image Comics,Male,[],[],[],-99.0,[],bad,-99.0,True,Below Average,Genius
Binary,Marvel Comics,Female,blue,[],Blond,180.0,[],good,54.0,True,Above Average,Low Intelligence
Bird-Brain,Marvel Comics,[],[],[],[],-99.0,[],good,-99.0,False,Average,Smart
Bird-Man,Marvel Comics,Male,[],Human,[],-99.0,[],bad,-99.0,True,Average,Genius
Bird-Man II,Marvel Comics,Male,[],Human,[],-99.0,[],bad,-99.0,False,Weak,Low Intelligence
Birdman,Hanna-Barbera,Male,[],God / Eternal,[],-99.0,[],good,-99.0,True,Average,Low Intelligence
Bishop,Marvel Comics,Male,brown,Mutant,No Hair,198.0,[],good,124.0,False,Extremely Powerful,Low Intelligence
Bizarro,DC Comics,Male,black,Bizarro,Black,191.0,white,neutral,155.0,True,Below Average,Low Intelligence
Black Abbott,Marvel Comics,Male,red,[],Black,-99.0,[],bad,-99.0,True,Weak,Smart
Black Adam,DC Comics,Male,brown,[],Black,191.0,[],bad,113.0,True,Weak,Low Intelligence
Black Bolt,Marvel Comics,Male,blue,Inhuman,Black,188.0,[],good,95.0,False,Extremely Powerful,Super-Genius
Black Canary,DC Comics,Female,blue,['Human' 'Metahuman'],Blond,[165. 170.],[],good,[58. 59.],[False  True],['Above Average' 'Below Average'],['Smart' 'Super-Genius']
Black Cat,Marvel Comics,Female,green,Human,Blond,178.0,[],good,54.0,False,Weak,Super-Genius
Black Flash,DC Comics,Male,[],God / Eternal,[],-99.0,[],neutral,-99.0,False,Average,Genius
Black Goliath,Marvel Comics,Male,[],[],[],-99.0,[],good,-99.0,True,Above Average,Average Intelligence
Black Knight III,Marvel Comics,Male,brown,Human,Brown,183.0,[],good,86.0,False,Average,Low Intelligence
Black Lightning,DC Comics,Male,brown,[],No Hair,185.0,[],good,90.0,False,Average,Smart
Black Mamba,Marvel Comics,Female,green,[],Black,170.0,[],bad,52.0,True,Below Average,Low Intelligence
Black Manta,DC Comics,Male,black,Human,No Hair,188.0,[],bad,92.0,True,Above Average,Average Intelligence
Black Panther,Marvel Comics,Male,brown,Human,Black,183.0,[],good,90.0,True,Weak,Low Intelligence
Black Widow,Marvel Comics,Female,green,Human,Auburn,170.0,[],good,59.0,True,Above Average,Super-Genius
Black Widow II,Marvel Comics,Female,blue,[],Blond,170.0,[],good,61.0,True,Below Average,Genius
Blackout,Marvel Comics,Male,red,Demon,White,191.0,white,bad,104.0,False,Weak,Smart
Blackwing,Marvel Comics,Male,blue,[],Black,185.0,[],bad,86.0,False,Above Average,Low Intelligence
Blackwulf,Marvel Comics,Male,red,Alien,White,188.0,[],[],88.0,False,Extremely Powerful,Super-Genius
Blade,Marvel Comics,Male,brown,Vampire,Black,188.0,[],good,97.0,False,Above Average,Genius
Blaquesmith,Marvel Comics,[],black,[],No Hair,-99.0,[],good,-99.0,True,Below Average,Low Intelligence
Bling!,Marvel Comics,Female,[],[],[],168.0,[],good,68.0,False,Extremely Powerful,Super-Genius
Blink,Marvel Comics,Female,green,Mutant,Magenta,165.0,pink,good,56.0,True,Extremely Powerful,Smart
Blizzard,Marvel Comics,Male,[],[],Brown,-99.0,[],bad,-99.0,[False  True],['Below Average' 'Extremely Powerful'],['Average Intelligence' 'Super-Genius']
Blizzard II,Marvel Comics,Male,brown,[],Brown,175.0,[],bad,77.0,True,Extremely Powerful,Average Intelligence
Blob,Marvel Comics,Male,brown,[],Brown,178.0,[],bad,230.0,False,Extremely Powerful,Super-Genius
Bloodaxe,Marvel Comics,Female,blue,Human,Brown,218.0,[],bad,495.0,True,Above Average,Low Intelligence
Bloodhawk,Marvel Comics,Male,black,Mutant,No Hair,-99.0,[],good,-99.0,False,Extremely Powerful,Smart
Bloodwraith,Marvel Comics,Male,white,[],No Hair,30.5,[],bad,-99.0,True,Above Average,Super-Genius
Blue Beetle,DC Comics,Male,blue,[],Brown,-99.0,[],good,-99.0,[False  True],Weak,Genius
Blue Beetle II,DC Comics,Male,blue,[],Brown,183.0,[],good,86.0,False,Weak,Super-Genius
Blue Beetle III,DC Comics,Male,brown,Human,Black,-99.0,[],good,-99.0,False,Below Average,Smart
Boba Fett,George Lucas,Male,brown,Human / Clone,Black,183.0,[],bad,-99.0,False,Extremely Powerful,Average Intelligence
Bolt,Marvel Comics,Male,[],[],[],-99.0,[],good,-99.0,True,Above Average,Average Intelligence
Bomb Queen,Image Comics,Female,[],[],[],-99.0,[],bad,-99.0,True,Below Average,Genius
Boom-Boom,Marvel Comics,Female,blue,Mutant,Blond,165.0,[],good,55.0,False,Average,Low Intelligence
Boomer,Marvel Comics,Female,[],[],[],-99.0,[],good,-99.0,False,Below Average,Smart
Booster Gold,DC Comics,Male,blue,Human,Blond,196.0,[],good,97.0,False,Average,Smart
Box,Marvel Comics,Male,[],[],[],-99.0,[],good,-99.0,False,Weak,Low Intelligence
Box III,Marvel Comics,[],blue,[],Blond,193.0,[],good,110.0,False,Below Average,Low Intelligence
Box IV,Marvel Comics,[],brown,[],Brown / Black,-99.0,[],good,-99.0,True,Below Average,Low Intelligence
Brainiac,DC Comics,Male,green,Android,No Hair,198.0,green,bad,135.0,True,Below Average,Low Intelligence
Brainiac 5,DC Comics,Male,green,[],Blond,170.0,[],good,61.0,True,Above Average,Genius
Brother Voodoo,Marvel Comics,Male,brown,Human,Brown / White,183.0,[],good,99.0,True,Average,Smart
Buffy,Dark Horse Comics,Female,green,Human,Blond,157.0,[],good,52.0,True,Above Average,Average Intelligence
Bullseye,Marvel Comics,Male,blue,Human,blond,183.0,[],bad,90.0,True,Average,Genius
Bumblebee,DC Comics,Female,brown,Human,Black,170.0,[],good,59.0,False,Above Average,Super-Genius
Bumbleboy,Marvel Comics,Male,[],[],[],-99.0,[],good,-99.0,True,Average,Average Intelligence
Bushido,DC Comics,Male,[],Human,[],-99.0,[],good,-99.0,True,Weak,Genius
Cable,Marvel Comics,Male,blue,Mutant,White,203.0,[],good,158.0,True,Below Average,Genius
Callisto,Marvel Comics,Female,blue,[],Black,175.0,[],bad,74.0,False,Extremely Powerful,Genius
Cameron Hicks,SyFy,Male,[],Alpha,[],-99.0,[],good,-99.0,False,Above Average,Smart
Cannonball,Marvel Comics,Male,blue,[],Blond,183.0,[],good,81.0,True,Weak,Smart
Captain America,Marvel Comics,Male,blue,Human,blond,188.0,[],good,108.0,True,Below Average,Genius
Captain Atom,DC Comics,Male,blue,Human / Radiation,Silver,193.0,silver,good,90.0,False,Below Average,Genius
Captain Britain,Marvel Comics,Male,blue,Human,Blond,198.0,[],good,116.0,False,Average,Super-Genius
Captain Cold,DC Comics,Male,brown,Human,Brown,-99.0,[],neutral,-99.0,True,Weak,Low Intelligence
Captain Epic,Team Epic TV,Male,blue,[],Brown,188.0,[],good,-99.0,True,Average,Average Intelligence
Captain Hindsight,South Park,Male,[],Human,Black,-99.0,[],good,-99.0,True,Weak,Low Intelligence
Captain Mar-vell,Marvel Comics,Male,blue,[],Blond,188.0,[],good,108.0,False,Extremely Powerful,Smart
Captain Marvel,DC Comics,Male,blue,Human,Black,193.0,[],good,101.0,False,Above Average,Super-Genius
Captain Marvel,Marvel Comics,Female,blue,Human-Kree,Blond,180.0,[],good,74.0,True,Above Average,Genius
Captain Marvel II,DC Comics,Male,blue,Human,Black,175.0,[],good,74.0,True,Below Average,Super-Genius
Captain Midnight,Dark Horse Comics,Male,[],Human,[],-99.0,[],good,-99.0,False,Above Average,Average Intelligence
Captain Planet,Marvel Comics,Male,red,God / Eternal,Green,-99.0,[],good,-99.0,True,Average,Low Intelligence
Captain Universe,Marvel Comics,[],[],God / Eternal,[],-99.0,[],good,-99.0,True,Below Average,Low Intelligence
Carnage,Marvel Comics,Male,green,Symbiote,Red,185.0,[],bad,86.0,False,Extremely Powerful,Genius
Cat,Marvel Comics,Female,blue,[],Blond,173.0,[],good,61.0,True,Above Average,Smart
Cat II,Marvel Comics,Female,[],[],[],-99.0,[],good,-99.0,True,Extremely Powerful,Genius
Catwoman,DC Comics,Female,green,Human,Black,175.0,[],good,61.0,False,Extremely Powerful,Super-Genius
Cecilia Reyes,Marvel Comics,[],brown,[],Brown,170.0,[],good,62.0,True,Average,Low Intelligence
Century,Marvel Comics,Male,white,Alien,White,201.0,grey,good,97.0,True,Weak,Smart
Cerebra,Marvel Comics,Female,[],Mutant,[],-99.0,[],good,-99.0,True,Below Average,Genius
Chamber,Marvel Comics,Male,brown,Mutant,Brown,175.0,[],good,63.0,True,Above Average,Low Intelligence
Chameleon,DC Comics,Male,[],[],[],-99.0,[],bad,-99.0,False,Average,Low Intelligence
Changeling,Marvel Comics,Male,brown,[],Black,180.0,[],bad,81.0,True,Below Average,Genius
Cheetah,DC Comics,Female,green,Human,Blond,163.0,[],bad,50.0,True,Average,Low Intelligence
Cheetah II,DC Comics,Female,green,Human,Brown,170.0,[],bad,55.0,False,Extremely Powerful,Average Intelligence
Cheetah III,DC Comics,Female,brown,Human,Brown,175.0,[],bad,54.0,False,Below Average,Super-Genius
Chromos,Team Epic TV,Male,brown,[],Red / Grey,185.0,[],bad,86.0,False,Weak,Smart
Citizen Steel,DC Comics,Male,green,Human,Red,183.0,[],good,170.0,False,Average,Average Intelligence
Claire Bennet,NBC - Heroes,Female,blue,[],Blond,-99.0,[],good,-99.0,False,Below Average,Average Intelligence
Clea,Marvel Comics,[],[],[],White,-99.0,[],good,-99.0,True,Average,Average Intelligence
Cloak,Marvel Comics,Male,brown,[],black,226.0,[],good,70.0,True,Below Average,Genius
Clock King,DC Comics,Male,blue,Human,Black,178.0,[],bad,78.0,False,Extremely Powerful,Genius
Cogliostro,Image Comics,Male,[],[],[],-99.0,[],bad,-99.0,False,Below Average,Low Intelligence
Colin Wagner,HarperCollins,Male,grey,[],Brown,-99.0,[],good,-99.0,False,Extremely Powerful,Low Intelligence
Colossal Boy,DC Comics,Male,[],[],[],-99.0,[],good,-99.0,False,Extremely Powerful,Super-Genius
Colossus,Marvel Comics,Male,silver,Mutant,Black,226.0,[],good,225.0,True,Average,Super-Genius
Copycat,Marvel Comics,Female,red,Mutant,White,183.0,blue,neutral,67.0,True,Average,Super-Genius
Corsair,Marvel Comics,Male,brown,[],Brown,191.0,[],good,79.0,True,Below Average,Smart
Cottonmouth,Marvel Comics,Male,brown,Human,Black,183.0,[],bad,99.0,False,Average,Smart
Crimson Crusader,Marvel Comics,Male,blue,[],Strawberry Blond,-99.0,[],good,-99.0,True,Below Average,Average Intelligence
Crimson Dynamo,Marvel Comics,Male,brown,[],No Hair,180.0,[],good,104.0,True,Below Average,Smart
Crystal,Marvel Comics,Female,green,Inhuman,Red,168.0,[],good,50.0,True,Above Average,Low Intelligence
Curse,Image Comics,Male,[],[],[],-99.0,[],bad,-99.0,False,Weak,Average Intelligence
Cy-Gor,Image Comics,Male,[],[],[],-99.0,[],bad,-99.0,False,Weak,Smart
Cyborg,DC Comics,Male,brown,Cyborg,Black,198.0,[],good,173.0,True,Weak,Super-Genius
Cyborg Superman,DC Comics,Male,blue,Cyborg,Black,-99.0,[],bad,-99.0,False,Below Average,Super-Genius
Cyclops,Marvel Comics,Male,brown,Mutant,Brown,191.0,[],good,88.0,False,Above Average,Genius
Cypher,Marvel Comics,[],blue,[],Blond,175.0,[],good,68.0,True,Extremely Powerful,Genius
DL Hawkins,NBC - Heroes,Male,[],[],[],-99.0,[],good,-99.0,True,Below Average,Average Intelligence
Dagger,Marvel Comics,Female,blue,[],Blond,165.0,[],good,52.0,False,Average,Super-Genius
Danny Cooper,HarperCollins,Male,brown,[],Blond,-99.0,[],good,-99.0,False,Extremely Powerful,Average Intelligence
Daphne Powell,ABC Studios,Female,[],[],[],-99.0,[],good,-99.0,False,Above Average,Smart
Daredevil,Marvel Comics,Male,blue,Human,Red,183.0,[],good,90.0,True,Average,Average Intelligence
Darkhawk,Marvel Comics,Male,brown,Human,Brown,185.0,[],good,81.0,False,Average,Low Intelligence
Darkman,Universal Studios,Male,[],[],[],-99.0,[],good,-99.0,True,Weak,Smart
Darkseid,DC Comics,Male,red,New God,No Hair,267.0,grey,bad,817.0,False,Extremely Powerful,Low Intelligence
Darkstar,Marvel Comics,Female,brown,Mutant,Blond,168.0,[],good,56.0,False,Below Average,Smart
Darth Maul,George Lucas,Male,yellow / red,Dathomirian Zabrak,[],170.0,red / black,bad,-99.0,False,Above Average,Super-Genius
Darth Vader,George Lucas,Male,yellow,Cyborg,No Hair,198.0,[],bad,135.0,False,Above Average,Super-Genius
Dash,Dark Horse Comics,Male,blue,Human,Blond,122.0,[],good,27.0,False,Above Average,Genius
Data,Star Trek,Male,yellow,Android,Brown,-99.0,[],good,-99.0,False,Average,Super-Genius
Dazzler,Marvel Comics,Female,blue,Mutant,Blond,173.0,[],good,52.0,False,Average,Super-Genius
Deadman,DC Comics,Male,blue,Human,Black,183.0,[],good,90.0,True,Below Average,Low Intelligence
Deadpool,Marvel Comics,Male,brown,Mutant,No Hair,188.0,[],neutral,95.0,False,Weak,Genius
Deadshot,DC Comics,Male,brown,Human,Brown,185.0,[],bad,91.0,True,Extremely Powerful,Smart
Deathlok,Marvel Comics,Male,brown,Cyborg,Grey,193.0,[],good,178.0,True,Average,Low Intelligence
Deathstroke,DC Comics,Male,blue,Human,White,193.0,[],neutral,101.0,False,Below Average,Genius
Demogoblin,Marvel Comics,Male,red,Demon,No Hair,185.0,[],bad,95.0,False,Average,Genius
Destroyer,Marvel Comics,Male,[],[],[],188.0,[],bad,383.0,False,Weak,Super-Genius
Diamondback,Marvel Comics,Male,brown,Human,Black,193.0,[],bad,90.0,True,Average,Super-Genius
Doc Samson,Marvel Comics,Male,blue,Human / Radiation,Green,198.0,[],good,171.0,True,Above Average,Smart
Doctor Doom,Marvel Comics,Male,brown,Human,Brown,201.0,[],bad,187.0,True,Extremely Powerful,Genius
Doctor Doom II,Marvel Comics,Male,brown,[],Brown,201.0,[],bad,132.0,False,Below Average,Genius
Doctor Fate,DC Comics,Male,blue,Human,Blond,188.0,[],good,89.0,True,Extremely Powerful,Smart
Doctor Octopus,Marvel Comics,Male,brown,Human,Brown,175.0,[],bad,110.0,False,Above Average,Smart
Doctor Strange,Marvel Comics,Male,grey,Human,Black,188.0,[],good,81.0,True,Extremely Powerful,Genius
Domino,Marvel Comics,Female,blue,Human,Black,173.0,white,good,54.0,False,Extremely Powerful,Super-Genius
Donatello,IDW Publishing,Male,green,Mutant,No Hair,-99.0,green,good,-99.0,True,Above Average,Smart
Donna Troy,DC Comics,Female,blue,Amazon,Black,175.0,[],good,63.0,True,Above Average,Average Intelligence
Doomsday,DC Comics,Male,red,Alien,White,244.0,[],bad,412.0,False,Average,Genius
Doppelganger,Marvel Comics,Male,white,[],No Hair,196.0,[],bad,104.0,False,Extremely Powerful,Low Intelligence
Dormammu,Marvel Comics,Male,yellow,[],No Hair,185.0,[],bad,-99.0,True,Weak,Average Intelligence
Dr Manhattan,DC Comics,Male,white,Human / Cosmic,No Hair,-99.0,blue,good,-99.0,True,Below Average,Average Intelligence
Drax the Destroyer,Marvel Comics,Male,red,Human / Altered,No Hair,193.0,green,good,306.0,True,Average,Genius
ERG-1,DC Comics,Male,[],[],[],-99.0,[],good,-99.0,False,Below Average,Average Intelligence
Ego,Marvel Comics,[],[],[],[],-99.0,[],bad,-99.0,True,Above Average,Smart
Elastigirl,Dark Horse Comics,Female,brown,Human,Brown,168.0,[],good,56.0,True,Extremely Powerful,Smart
Electro,Marvel Comics,Male,blue,Human,Auburn,180.0,[],bad,74.0,False,Below Average,Smart
Elektra,Marvel Comics,Female,blue,Human,Black,175.0,[],good,59.0,True,Extremely Powerful,Low Intelligence
Elle Bishop,NBC - Heroes,Female,blue,[],Blond,-99.0,[],bad,-99.0,True,Weak,Low Intelligence
Elongated Man,DC Comics,Male,blue,[],Red,185.0,[],good,80.0,False,Weak,Low Intelligence
Emma Frost,Marvel Comics,Female,blue,[],Blond,178.0,[],good,65.0,False,Above Average,Low Intelligence
Enchantress,DC Comics,Female,blue,Human,Blond,168.0,[],good,57.0,True,Below Average,Low Intelligence
Energy,HarperCollins,Female,[],[],[],-99.0,[],good,-99.0,False,Above Average,Average Intelligence
Etrigan,DC Comics,Male,red,Demon,No Hair,193.0,yellow,neutral,203.0,False,Extremely Powerful,Smart
Evil Deadpool,Marvel Comics,Male,white,Mutant,Red,188.0,[],bad,95.0,False,Extremely Powerful,Super-Genius
Evilhawk,Marvel Comics,Male,red,Alien,Black,191.0,green,bad,106.0,True,Average,Genius
Exodus,Marvel Comics,Male,blue,Mutant,Black,183.0,red,bad,88.0,True,Average,Genius
Fabian Cortez,Marvel Comics,[],blue,[],Brown,196.0,[],bad,96.0,False,Weak,Smart
Falcon,Marvel Comics,Male,brown,Human,Black,188.0,[],good,108.0,True,Weak,Genius
Fallen One II,Marvel Comics,Male,black,[],Blue,-99.0,[],bad,-99.0,False,Extremely Powerful,Genius
Faora,DC Comics,Female,[],Kryptonian,[],-99.0,[],bad,-99.0,False,Average,Genius
Feral,Marvel Comics,[],yellow (without irises),[],Orange / White,175.0,[],good,50.0,False,Below Average,Smart
Fighting Spirit,DC Comics,Female,[],[],Red,-99.0,[],good,-99.0,False,Extremely Powerful,Low Intelligence
Fin Fang Foom,Marvel Comics,Male,red,Kakarantharaian,No Hair,975.0,green,good,18.0,False,Extremely Powerful,Low Intelligence
Firebird,Marvel Comics,Female,brown,[],Black,165.0,[],good,56.0,False,Weak,Genius
Firelord,Marvel Comics,[],white,[],Yellow,193.0,[],good,99.0,True,Average,Low Intelligence
Firestar,Marvel Comics,Female,green,Mutant,Red,173.0,[],good,56.0,True,Average,Average Intelligence
Firestorm,DC Comics,Male,['blue' 'brown'],Human,['Auburn' 'Black'],[-99. 188.],[],good,[-99.  91.],False,['Above Average' 'Weak'],['Average Intelligence' 'Genius']
Fixer,Marvel Comics,[],red,[],No Hair,-99.0,[],bad,-99.0,True,Below Average,Smart
Flash,DC Comics,Male,blue,Human,Brown / White,180.0,[],good,81.0,True,Average,Super-Genius
Flash II,DC Comics,Male,blue,Human,Blond,183.0,[],good,88.0,False,Weak,Genius
Flash III,DC Comics,Male,[],Human,[],183.0,[],good,86.0,True,Above Average,Average Intelligence
Flash IV,DC Comics,Male,yellow,Human,Auburn,157.0,[],good,52.0,False,Above Average,Average Intelligence
Forge,Marvel Comics,[],brown,[],Black,183.0,[],good,81.0,True,Average,Smart
Franklin Richards,Marvel Comics,Male,blue,Mutant,Blond,142.0,[],good,45.0,False,Below Average,Genius
Franklin Storm,Marvel Comics,[],blue,[],Grey,188.0,[],good,92.0,False,Above Average,Genius
Frenzy,Marvel Comics,Female,brown,[],Black,211.0,[],bad,104.0,False,Below Average,Low Intelligence
Frigga,Marvel Comics,Female,blue,[],White,180.0,[],good,167.0,True,Extremely Powerful,Average Intelligence
Galactus,Marvel Comics,Male,black,Cosmic Entity,Black,876.0,[],neutral,16.0,False,Extremely Powerful,Super-Genius
Gambit,Marvel Comics,Male,red,Mutant,Brown,185.0,[],good,81.0,False,Weak,Genius
Gamora,Marvel Comics,Female,yellow,Zen-Whoberian,Black,183.0,green,good,77.0,False,Average,Average Intelligence
Garbage Man,DC Comics,Male,[],Mutant,[],-99.0,[],good,-99.0,False,Extremely Powerful,Low Intelligence
Gary Bell,SyFy,Male,[],Alpha,[],-99.0,[],good,-99.0,True,Below Average,Smart
General Zod,DC Comics,Male,black,Kryptonian,Black,-99.0,[],bad,-99.0,False,Average,Average Intelligence
Genesis,Marvel Comics,Male,blue,[],Blond,185.0,[],good,86.0,False,Average,Low Intelligence
Ghost Rider,Marvel Comics,Male,red,Demon,No Hair,188.0,[],good,99.0,True,Extremely Powerful,Low Intelligence
Ghost Rider II,Marvel Comics,[],[],[],[],-99.0,[],good,-99.0,True,Average,Genius
Giant-Man,Marvel Comics,Male,[],Human,[],-99.0,[],good,-99.0,False,Above Average,Low Intelligence
Giant-Man II,Marvel Comics,Male,[],[],[],-99.0,[],good,-99.0,True,Extremely Powerful,Average Intelligence
Giganta,DC Comics,Female,green,[],Red,62.5,[],bad,630.0,True,Weak,Genius
Gladiator,Marvel Comics,Male,blue,Strontian,Blue,198.0,purple,neutral,268.0,True,Below Average,Low Intelligence
Goblin Queen,Marvel Comics,Female,green,[],Red,168.0,[],bad,50.0,True,Below Average,Low Intelligence
Gog,DC Comics,Male,[],[],[],-99.0,[],bad,-99.0,True,Average,Average Intelligence
Goku,Shueisha,Male,[],Saiyan,[],175.0,[],good,62.0,False,Above Average,Super-Genius
Goliath,Marvel Comics,Male,[],Human,[],-99.0,[],good,-99.0,True,['Above Average' 'Average' 'Extremely Powerful'],Super-Genius
Goliath IV,Marvel Comics,Male,brown,[],Black,183.0,[],good,90.0,True,Extremely Powerful,Average Intelligence
Gorilla Grodd,DC Comics,Male,yellow,Gorilla,Black,198.0,[],bad,270.0,False,Average,Genius
Granny Goodness,DC Comics,Female,blue,[],White,178.0,[],bad,115.0,False,Below Average,Smart
Gravity,Marvel Comics,Male,blue,Human,Brown,178.0,[],good,79.0,True,Above Average,Smart
Greedo,George Lucas,Male,purple,Rodian,[],170.0,green,bad,-99.0,True,Extremely Powerful,Smart
Green Arrow,DC Comics,Male,green,Human,Blond,188.0,[],good,88.0,False,Extremely Powerful,Genius
Green Goblin,Marvel Comics,Male,blue,Human,Auburn,180.0,[],bad,83.0,False,Below Average,Super-Genius
Green Goblin II,Marvel Comics,Male,blue,[],Auburn,178.0,[],bad,77.0,False,Average,Smart
Green Goblin III,Marvel Comics,Male,[],[],[],183.0,[],good,88.0,False,Weak,Super-Genius
Green Goblin IV,Marvel Comics,Male,green,[],Brown,178.0,[],good,79.0,True,Extremely Powerful,Average Intelligence
Groot,Marvel Comics,Male,yellow,Flora Colossus,[],701.0,[],good,4.0,True,Weak,Genius
Guardian,Marvel Comics,Male,brown,Human,Black,-99.0,[],good,-99.0,False,Above Average,Super-Genius
Guy Gardner,DC Comics,Male,blue,Human-Vuldarian,Red,188.0,[],good,95.0,False,Below Average,Super-Genius
Hal Jordan,DC Comics,Male,brown,Human,Brown,188.0,[],good,90.0,True,Weak,Smart
Han Solo,George Lucas,Male,brown,Human,Brown,183.0,[],good,79.0,False,Weak,Smart
Hancock,Sony Pictures,Male,brown,Human,Black,188.0,[],good,-99.0,False,Above Average,Super-Genius
Harley Quinn,DC Comics,Female,blue,Human,Blond,170.0,[],bad,63.0,True,Average,Super-Genius
Harry Potter,J. K. Rowling,Male,green,Human,Black,-99.0,[],good,-99.0,False,Above Average,Smart
Havok,Marvel Comics,Male,blue,Mutant,Blond,183.0,[],good,79.0,False,Extremely Powerful,Super-Genius
Hawk,DC Comics,Male,red,[],Brown,185.0,[],good,89.0,False,Weak,Smart
Hawkeye,Marvel Comics,Male,blue,Human,Blond,191.0,[],good,104.0,False,Extremely Powerful,Average Intelligence
Hawkeye II,Marvel Comics,Female,blue,Human,Black,165.0,[],good,57.0,True,Weak,Genius
Hawkgirl,DC Comics,Female,green,[],Red,175.0,[],good,61.0,True,Extremely Powerful,Super-Genius
Hawkman,DC Comics,Male,blue,[],Brown,185.0,[],good,88.0,True,Average,Smart
Hawkwoman,DC Comics,Female,green,[],Red,175.0,[],good,54.0,True,Weak,Low Intelligence
Hawkwoman II,DC Comics,Female,[],[],[],-99.0,[],good,-99.0,False,Average,Genius
Hawkwoman III,DC Comics,Female,blue,[],Red,170.0,[],good,65.0,True,Below Average,Low Intelligence
Heat Wave,DC Comics,Male,blue,Human,No Hair,180.0,[],bad,81.0,False,Weak,Smart
Hela,Marvel Comics,Female,green,Asgardian,Black,213.0,[],bad,225.0,True,Above Average,Smart
Hellboy,Dark Horse Comics,Male,gold,Demon,Black,259.0,[],good,158.0,False,Below Average,Smart
Hellcat,Marvel Comics,Female,blue,Human,Red,173.0,[],good,61.0,False,Weak,Smart
Hellstorm,Marvel Comics,Male,red,[],Red,185.0,[],good,81.0,True,Extremely Powerful,Genius
Hercules,Marvel Comics,Male,blue,Demi-God,Brown,196.0,[],good,146.0,True,Extremely Powerful,Smart
Hiro Nakamura,NBC - Heroes,Male,[],[],[],-99.0,[],good,-99.0,False,Average,Smart
Hit-Girl,Icon Comics,Female,[],Human,[],-99.0,[],good,-99.0,True,Below Average,Low Intelligence
Hobgoblin,Marvel Comics,Male,blue,[],Grey,180.0,[],bad,83.0,True,Extremely Powerful,Low Intelligence
Hollow,Marvel Comics,Female,blue,[],Red,170.0,[],good,-99.0,True,Above Average,Average Intelligence
Hope Summers,Marvel Comics,Female,green,[],Red,168.0,[],good,48.0,True,Above Average,Smart
Howard the Duck,Marvel Comics,Male,brown,[],Yellow,79.0,[],good,18.0,True,Weak,Smart
Hulk,Marvel Comics,Male,green,Human / Radiation,Green,244.0,green,good,630.0,True,Average,Low Intelligence
Human Torch,Marvel Comics,Male,blue,Human / Radiation,Blond,178.0,[],good,77.0,True,Extremely Powerful,Super-Genius
Huntress,DC Comics,Female,blue,[],Black,180.0,[],good,59.0,False,Extremely Powerful,Smart
Husk,Marvel Comics,Female,blue,Mutant,Blond,170.0,[],good,58.0,False,Weak,Average Intelligence
Hybrid,Marvel Comics,Male,brown,Symbiote,Black,175.0,[],good,77.0,True,Weak,Genius
Hydro-Man,Marvel Comics,Male,brown,[],Brown,188.0,[],bad,119.0,True,Average,Super-Genius
Hyperion,Marvel Comics,Male,blue,Eternal,Red,183.0,[],good,207.0,True,Below Average,Genius
Iceman,Marvel Comics,Male,brown,Mutant,Brown,173.0,[],good,65.0,False,Weak,Low Intelligence
Impulse,DC Comics,Male,yellow,Human,Auburn,170.0,[],good,65.0,False,Below Average,Low Intelligence
Indiana Jones,George Lucas,Male,[],Human,[],183.0,[],good,79.0,False,Below Average,Genius
Indigo,DC Comics,Female,[],Alien,Purple,-99.0,[],neutral,-99.0,False,Extremely Powerful,Smart
Ink,Marvel Comics,Male,blue,Mutant,No Hair,180.0,[],good,81.0,False,Weak,Smart
Invisible Woman,Marvel Comics,Female,blue,Human / Radiation,Blond,168.0,[],good,54.0,False,Below Average,Low Intelligence
Iron Fist,Marvel Comics,Male,blue,Human,Blond,180.0,[],good,79.0,True,Below Average,Average Intelligence
Iron Man,Marvel Comics,Male,blue,Human,Black,198.0,[],good,191.0,False,Weak,Low Intelligence
Iron Monger,Marvel Comics,Male,blue,[],No Hair,-99.0,[],bad,2.0,True,Below Average,Super-Genius
Isis,DC Comics,Female,[],[],[],-99.0,[],good,-99.0,False,Average,Average Intelligence
JJ Powell,ABC Studios,Male,[],[],[],-99.0,[],good,-99.0,False,Weak,Smart
Jack of Hearts,Marvel Comics,Male,blue / white,Human,Brown,155.0,[],good,79.0,True,Weak,Smart
Jack-Jack,Dark Horse Comics,Male,blue,Human,Brown,71.0,[],good,14.0,False,Extremely Powerful,Low Intelligence
James Bond,Titan Books,Male,blue,Human,Blond,183.0,[],good,-99.0,True,Weak,Super-Genius
James T. Kirk,Star Trek,Male,hazel,Human,Brown,178.0,[],good,77.0,False,Above Average,Low Intelligence
Jar Jar Binks,George Lucas,Male,yellow,Gungan,[],193.0,orange / white,good,-99.0,False,Above Average,Smart
Jean Grey,Marvel Comics,Female,green,Mutant,Red,168.0,[],good,52.0,False,Average,Super-Genius
Jean-Luc Picard,Star Trek,Male,[],Human,[],-99.0,[],good,-99.0,False,Below Average,Smart
Jennifer Kale,Marvel Comics,Female,blue,[],Blond,168.0,[],good,55.0,False,Extremely Powerful,Genius
Jesse Quick,DC Comics,Female,[],Human,[],-99.0,[],good,-99.0,True,Below Average,Low Intelligence
Jessica Cruz,DC Comics,Female,green,Human,Brown,-99.0,[],good,-99.0,False,Extremely Powerful,Genius
Jessica Jones,Marvel Comics,Female,brown,Human,Brown,170.0,[],good,56.0,False,Extremely Powerful,Genius
Jessica Sanders,NBC - Heroes,Female,[],[],[],-99.0,[],good,-99.0,False,Average,Super-Genius
Jigsaw,Marvel Comics,Male,blue,[],Black,188.0,[],bad,113.0,True,Below Average,Low Intelligence
Jim Powell,ABC Studios,Male,[],[],[],-99.0,[],good,-99.0,True,Weak,Genius
Johann Krauss,Dark Horse Comics,Male,[],[],[],-99.0,[],good,-99.0,True,Above Average,Smart
John Constantine,DC Comics,Male,blue,Human,Blond,183.0,[],good,-99.0,False,Above Average,Smart
John Stewart,DC Comics,Male,green,Human,Black,185.0,[],good,90.0,False,Average,Average Intelligence
John Wraith,Marvel Comics,Male,brown,[],Black,183.0,[],good,88.0,False,Below Average,Super-Genius
Joker,DC Comics,Male,green,Human,Green,196.0,white,bad,86.0,False,Weak,Low Intelligence
Jolt,Marvel Comics,Female,blue,[],Black,165.0,[],good,49.0,True,Extremely Powerful,Low Intelligence
Jubilee,Marvel Comics,Female,red,Mutant,Black,165.0,[],good,52.0,False,Above Average,Smart
Judge Dredd,Rebellion,Male,[],Human,[],188.0,[],good,-99.0,False,Weak,Genius
Juggernaut,Marvel Comics,Male,blue,Human,Red,287.0,[],neutral,855.0,False,Above Average,Smart
Junkpile,Marvel Comics,Male,[],Mutant,[],-99.0,[],bad,-99.0,False,Extremely Powerful,Smart
Justice,Marvel Comics,Male,hazel,Human,Brown,178.0,[],good,81.0,False,Weak,Smart
Jyn Erso,George Lucas,Female,green,Human,Brown,-99.0,[],good,-99.0,True,Average,Genius
K-2SO,George Lucas,Male,white,Android,No Hair,213.0,gray,good,-99.0,True,Extremely Powerful,Genius
Kang,Marvel Comics,Male,brown,[],Brown,191.0,[],bad,104.0,True,Below Average,Smart
Karate Kid,DC Comics,Male,brown,Human,Brown,173.0,[],good,72.0,True,Weak,Genius
Kathryn Janeway,Star Trek,Female,[],Human,[],-99.0,[],good,-99.0,False,Weak,Low Intelligence
Kevin 11,DC Comics,Male,[],Human,Black,-99.0,[],good,-99.0,True,Below Average,Smart
Kick-Ass,Icon Comics,Male,blue,Human,Blond,-99.0,[],good,-99.0,True,Below Average,Smart
Kid Flash,DC Comics,Male,green,Human,Red,-99.0,[],good,-99.0,True,Extremely Powerful,Genius
Kid Flash II,DC Comics,Male,[],[],[],-99.0,[],good,-99.0,True,Weak,Low Intelligence
Killer Croc,DC Comics,Male,red,Metahuman,No Hair,244.0,green,bad,356.0,True,Extremely Powerful,Low Intelligence
Killer Frost,DC Comics,Female,blue,Human,Blond,-99.0,blue,bad,-99.0,False,Weak,Average Intelligence
Kilowog,DC Comics,Male,red,Bolovaxian,No Hair,234.0,pink,good,324.0,False,Average,Genius
King Shark,DC Comics,Male,black,Animal,No Hair,-99.0,[],bad,-99.0,True,Extremely Powerful,Average Intelligence
Kingpin,Marvel Comics,Male,blue,Human,No Hair,201.0,[],bad,203.0,False,Average,Super-Genius
Klaw,Marvel Comics,Male,red,Human,No Hair,188.0,red,bad,97.0,True,Extremely Powerful,Genius
Kraven II,Marvel Comics,Male,brown,Human,Black,191.0,[],bad,99.0,False,Above Average,Genius
Kraven the Hunter,Marvel Comics,Male,brown,Human,Black,183.0,[],bad,106.0,False,Above Average,Average Intelligence
Krypto,DC Comics,Male,blue,Kryptonian,White,64.0,[],good,18.0,True,Extremely Powerful,Average Intelligence
Kyle Rayner,DC Comics,Male,green,Human,Black,180.0,[],good,79.0,False,Above Average,Low Intelligence
Kylo Ren,George Lucas,Male,[],Human,[],-99.0,[],bad,-99.0,True,Weak,Super-Genius
Lady Bullseye,Marvel Comics,Female,[],[],Black,-99.0,[],bad,-99.0,True,Below Average,Average Intelligence
Lady Deathstrike,Marvel Comics,Female,brown,Cyborg,Black,175.0,[],bad,58.0,False,Average,Super-Genius
Leader,Marvel Comics,Male,green,[],No Hair,178.0,[],bad,63.0,False,Average,Genius
Leech,Marvel Comics,Male,[],[],[],-99.0,[],good,-99.0,False,Above Average,Genius
Legion,Marvel Comics,Male,green / blue,Mutant,Black,175.0,[],good,59.0,True,Below Average,Smart
Leonardo,IDW Publishing,Male,blue,Mutant,No Hair,-99.0,green,good,-99.0,False,Weak,Smart
Lex Luthor,DC Comics,Male,green,Human,No Hair,188.0,[],bad,95.0,False,Average,Smart
Light Lass,DC Comics,Female,blue,[],Red,165.0,[],good,54.0,False,Weak,Low Intelligence
Lightning Lad,DC Comics,Male,blue,[],Red,155.0,[],good,65.0,True,Average,Low Intelligence
Lightning Lord,DC Comics,Male,blue,[],Red,191.0,[],bad,95.0,False,Below Average,Super-Genius
Living Brain,Marvel Comics,[],yellow,[],[],198.0,[],bad,360.0,True,Above Average,Low Intelligence
Living Tribunal,Marvel Comics,[],blue,Cosmic Entity,No Hair,-99.0,gold,neutral,-99.0,False,Below Average,Genius
Liz Sherman,Dark Horse Comics,Female,[],[],[],-99.0,[],good,-99.0,False,Above Average,Average Intelligence
Lizard,Marvel Comics,Male,red,Human,No Hair,203.0,[],bad,230.0,True,Below Average,Smart
Lobo,DC Comics,Male,red,Czarnian,Black,229.0,blue-white,neutral,288.0,False,Average,Super-Genius
Loki,Marvel Comics,Male,green,Asgardian,Black,193.0,[],bad,236.0,False,Average,Super-Genius
Longshot,Marvel Comics,Male,blue,Human,Blond,188.0,[],good,36.0,False,Average,Average Intelligence
Luke Cage,Marvel Comics,Male,brown,Human,Black,198.0,[],good,191.0,False,Average,Genius
Luke Campbell,NBC - Heroes,Male,[],[],[],-99.0,[],bad,-99.0,True,Above Average,Average Intelligence
Luke Skywalker,George Lucas,Male,blue,Human,Blond,168.0,[],good,77.0,True,Above Average,Average Intelligence
Luna,Marvel Comics,Female,[],Human,[],-99.0,[],good,-99.0,False,Extremely Powerful,Super-Genius
Lyja,Marvel Comics,Female,green,[],Green,-99.0,[],good,-99.0,False,Weak,Super-Genius
MODOK,Marvel Comics,Male,white,Cyborg,Brownn,366.0,[],bad,338.0,True,Weak,Smart
Mach-IV,Marvel Comics,Male,brown,[],Brown,180.0,[],bad,79.0,True,Average,Smart
Machine Man,Marvel Comics,[],red,[],Black,183.0,[],good,383.0,False,Extremely Powerful,Average Intelligence
Magneto,Marvel Comics,Male,grey,Mutant,White,188.0,[],bad,86.0,True,Average,Average Intelligence
Magog,DC Comics,Male,blue,[],Blond,-99.0,[],good,-99.0,True,Weak,Low Intelligence
Magus,Marvel Comics,Male,black,[],[],183.0,[],bad,-99.0,False,Extremely Powerful,Smart
Man of Miracles,Image Comics,[],blue,God / Eternal,Silver,-99.0,[],[],-99.0,True,Average,Smart
Man-Bat,DC Comics,Male,brown,Human,Brown,-99.0,[],neutral,-99.0,False,Below Average,Low Intelligence
Man-Thing,Marvel Comics,Male,red,[],No Hair,213.0,green,good,225.0,False,Average,Genius
Man-Wolf,Marvel Comics,Male,brown,[],Auburn,188.0,[],good,90.0,True,Above Average,Low Intelligence
Mandarin,Marvel Comics,Male,blue,Human,White,188.0,[],bad,97.0,False,Extremely Powerful,Average Intelligence
Mantis,Marvel Comics,Female,green,Human-Kree,Black,168.0,green,good,52.0,False,Extremely Powerful,Super-Genius
Martian Manhunter,DC Comics,Male,red,Martian,No Hair,201.0,green,good,135.0,False,Weak,Low Intelligence
Marvel Girl,Marvel Comics,Female,green,[],Red,170.0,[],good,56.0,True,Below Average,Genius
Master Brood,Team Epic TV,Male,blue,[],Black,183.0,[],good,81.0,True,Below Average,Super-Genius
Master Chief,Microsoft,Male,brown,Human / Altered,Brown,213.0,[],good,-99.0,False,Average,Genius
Match,DC Comics,Male,black,[],Black,-99.0,[],bad,-99.0,True,Extremely Powerful,Low Intelligence
Matt Parkman,NBC - Heroes,Male,[],[],[],-99.0,[],good,-99.0,True,Weak,Genius
Maverick,Marvel Comics,Male,blue,[],Black,193.0,[],good,110.0,False,Weak,Average Intelligence
Maxima,DC Comics,Female,brown,[],Red,180.0,[],bad,72.0,False,Weak,Smart
Maya Herrera,NBC - Heroes,Female,[],[],[],-99.0,[],good,-99.0,False,Average,Low Intelligence
Medusa,Marvel Comics,Female,green,Inhuman,Red,180.0,[],good,59.0,False,Above Average,Average Intelligence
Meltdown,Marvel Comics,Female,blue,[],Blond,165.0,[],good,54.0,False,Above Average,Low Intelligence
Mephisto,Marvel Comics,Male,white,[],Black,198.0,[],bad,140.0,True,Average,Low Intelligence
Mera,DC Comics,Female,blue,Atlantean,Red,175.0,[],good,72.0,True,Average,Average Intelligence
Metallo,DC Comics,Male,green,Android,Brown,196.0,[],bad,90.0,True,Below Average,Average Intelligence
Metamorpho,DC Comics,Male,black,[],No Hair,185.0,[],good,90.0,True,Above Average,Super-Genius
Meteorite,Marvel Comics,Female,[],[],[],-99.0,[],good,-99.0,False,Above Average,Genius
Metron,DC Comics,Male,blue,[],Black,185.0,[],good,86.0,False,Extremely Powerful,Low Intelligence
Micah Sanders,NBC - Heroes,Male,brown,[],Black,-99.0,[],good,-99.0,True,Average,Smart
Michelangelo,IDW Publishing,Male,blue,Mutant,[],-99.0,green,good,-99.0,False,Extremely Powerful,Super-Genius
Micro Lad,DC Comics,Male,grey,[],Brown,183.0,[],good,77.0,False,Weak,Genius
Mimic,Marvel Comics,Male,brown,[],Brown,188.0,[],good,101.0,True,Above Average,Smart
Minna Murray,Wildstorm,Female,[],[],[],-99.0,[],good,-99.0,False,Above Average,Low Intelligence
Misfit,DC Comics,Female,blue,[],Red,-99.0,[],good,-99.0,False,Above Average,Super-Genius
Miss Martian,DC Comics,Female,red,[],Red,178.0,[],good,61.0,False,Above Average,Genius
Mister Fantastic,Marvel Comics,Male,brown,Human / Radiation,Brown,185.0,[],good,81.0,True,Below Average,Low Intelligence
Mister Freeze,DC Comics,Male,[],Human,[],183.0,[],bad,86.0,True,Extremely Powerful,Average Intelligence
Mister Knife,Marvel Comics,Male,blue,Spartoi,Brown,-99.0,[],bad,-99.0,False,Extremely Powerful,Genius
Mister Mxyzptlk,DC Comics,Male,[],God / Eternal,[],-99.0,[],bad,-99.0,True,Below Average,Smart
Mister Sinister,Marvel Comics,Male,red,Human / Altered,Black,196.0,[],bad,128.0,False,Above Average,Low Intelligence
Mister Zsasz,DC Comics,Male,blue,Human,Blond,-99.0,[],bad,-99.0,True,Below Average,Super-Genius
Mockingbird,Marvel Comics,Female,blue,Human,Blond,175.0,[],good,61.0,False,Above Average,Low Intelligence
Mogo,DC Comics,Male,[],Planet,[],-99.0,[],good,-99.0,False,Above Average,Super-Genius
Mohinder Suresh,NBC - Heroes,Male,[],[],[],-99.0,[],good,-99.0,True,Weak,Genius
Moloch,DC Comics,Male,[],[],[],-99.0,[],bad,-99.0,False,Extremely Powerful,Average Intelligence
Molten Man,Marvel Comics,Male,gold,[],Gold,196.0,[],bad,248.0,False,Extremely Powerful,Low Intelligence
Monarch,DC Comics,Male,blue,[],White,193.0,[],good,90.0,True,Above Average,Average Intelligence
Monica Dawson,NBC - Heroes,Female,[],[],[],-99.0,[],good,-99.0,True,Average,Average Intelligence
Moon Knight,Marvel Comics,Male,brown,Human,Brown,188.0,[],good,101.0,True,Above Average,Low Intelligence
Moonstone,Marvel Comics,Female,blue,[],Blond,180.0,[],bad,59.0,False,Below Average,Average Intelligence
Morlun,Marvel Comics,Male,white / red,[],Black,188.0,[],bad,79.0,True,Weak,Genius
Morph,Marvel Comics,Male,white,[],No Hair,178.0,[],good,79.0,True,Below Average,Low Intelligence
Moses Magnum,Marvel Comics,Male,brown,[],Black,175.0,[],bad,72.0,True,Weak,Average Intelligence
Mr Immortal,Marvel Comics,Male,blue,Mutant,Blond,188.0,[],good,70.0,True,Extremely Powerful,Smart
Mr Incredible,Dark Horse Comics,Male,blue,Human,Blond,201.0,[],good,158.0,True,Average,Super-Genius
Ms Marvel II,Marvel Comics,Female,blue,[],Red,173.0,[],good,61.0,False,Weak,Super-Genius
Multiple Man,Marvel Comics,Male,blue,[],Brown,180.0,[],good,70.0,True,Below Average,Average Intelligence
Mysterio,Marvel Comics,Male,brown,Human,No Hair,180.0,[],bad,79.0,False,Weak,Average Intelligence
Mystique,Marvel Comics,Female,yellow (without irises),Mutant,Red / Orange,178.0,blue,bad,54.0,False,Above Average,Low Intelligence
Namor,Marvel Comics,Male,grey,Atlantean,Black,[-99. 188.],[],good,[-99. 125.],[False  True],['Below Average' 'Extremely Powerful'],['Average Intelligence' 'Genius']
Namora,Marvel Comics,Female,blue,[],Blond,180.0,[],good,85.0,False,Weak,Smart
Namorita,Marvel Comics,Female,blue,[],Blond,168.0,[],good,101.0,False,Extremely Powerful,Genius
Naruto Uzumaki,Shueisha,Male,[],Human,[],168.0,[],good,54.0,True,Above Average,Genius
Nathan Petrelli,NBC - Heroes,Male,brown,[],[],-99.0,[],good,-99.0,False,Below Average,Low Intelligence
Nebula,Marvel Comics,Female,blue,Luphomoid,No Hair,185.0,blue,bad,83.0,True,Average,Low Intelligence
Negasonic Teenage Warhead,Marvel Comics,Female,black,Mutant,Black,-99.0,[],good,-99.0,False,Extremely Powerful,Smart
Nick Fury,Marvel Comics,Male,brown,Human,Brown / White,185.0,[],good,99.0,True,Below Average,Average Intelligence
Nightcrawler,Marvel Comics,Male,yellow,[],Indigo,175.0,[],good,88.0,False,Average,Genius
Nightwing,DC Comics,Male,blue,Human,Black,178.0,[],good,79.0,True,Below Average,Low Intelligence
Niki Sanders,NBC - Heroes,Female,blue,[],Blond,-99.0,[],good,-99.0,True,Above Average,Low Intelligence
Nina Theroux,SyFy,Female,[],Alpha,[],-99.0,[],good,-99.0,True,Weak,Average Intelligence
Nite Owl II,DC Comics,Male,[],[],[],-99.0,[],good,-99.0,False,Extremely Powerful,Smart
Northstar,Marvel Comics,Male,blue,[],Black,180.0,[],good,83.0,True,Extremely Powerful,Genius
Nova,Marvel Comics,['Female' 'Male'],['brown' 'white'],['Human' 'Human / Cosmic'],['Brown' 'Red'],[163. 185.],gold,good,[59. 86.],[False  True],['Above Average' 'Weak'],['Genius' 'Low Intelligence']
Odin,Marvel Comics,Male,blue,God / Eternal,White,206.0,[],good,293.0,False,Weak,Average Intelligence
Offspring,DC Comics,Male,[],[],[],-99.0,[],good,-99.0,True,Average,Super-Genius
Omega Red,Marvel Comics,Male,red,[],Blond,211.0,[],bad,191.0,True,Average,Average Intelligence
Omniscient,Team Epic TV,Male,brown,[],Black,180.0,[],good,65.0,True,Extremely Powerful,Low Intelligence
One Punch Man,Shueisha,Male,[],Human,No Hair,175.0,[],good,69.0,True,Weak,Average Intelligence
One-Above-All,Marvel Comics,[],[],Cosmic Entity,[],-99.0,[],neutral,-99.0,False,Above Average,Smart
Onslaught,Marvel Comics,Male,red,Mutant,No Hair,305.0,[],bad,405.0,False,Below Average,Average Intelligence
Oracle,DC Comics,Female,blue,Human,Red,178.0,[],good,59.0,True,Average,Average Intelligence
Osiris,DC Comics,Male,brown,[],Brown,-99.0,[],good,-99.0,False,Average,Average Intelligence
Overtkill,Image Comics,Male,[],[],[],-99.0,[],bad,-99.0,False,Above Average,Smart
Ozymandias,DC Comics,Male,blue,Human,Blond,-99.0,[],bad,-99.0,False,Above Average,Super-Genius
Parademon,DC Comics,[],[],Parademon,[],-99.0,[],bad,-99.0,False,Average,Low Intelligence
Paul Blart,Sony Pictures,Male,[],Human,[],170.0,[],good,117.0,True,Below Average,Genius
Penance,Marvel Comics,[],[],[],[],-99.0,[],good,-99.0,False,Above Average,Super-Genius
Penance I,Marvel Comics,Female,[],[],[],-99.0,[],good,-99.0,False,Average,Genius
Penance II,Marvel Comics,Male,blue,[],Blond,183.0,[],good,89.0,False,Weak,Super-Genius
Penguin,DC Comics,Male,blue,Human,Black,157.0,[],bad,79.0,False,Weak,Genius
Peter Petrelli,NBC - Heroes,Male,[],[],[],-99.0,[],good,-99.0,False,Extremely Powerful,Low Intelligence
Phantom,DC Comics,Male,[],[],[],-99.0,[],good,-99.0,False,Above Average,Smart
Phantom Girl,DC Comics,Female,blue,[],Black,168.0,[],good,54.0,False,Above Average,Super-Genius
Phoenix,Marvel Comics,Female,green,Mutant,Red,168.0,[],good,52.0,True,Above Average,Low Intelligence
Plantman,Marvel Comics,Male,green,Mutant,Grey,183.0,[],bad,87.0,True,Extremely Powerful,Average Intelligence
Plastic Lad,DC Comics,Male,[],[],[],-99.0,[],good,-99.0,True,Average,Smart
Plastic Man,DC Comics,Male,blue,Human,Black,185.0,[],good,80.0,True,Average,Smart
Plastique,DC Comics,Female,blue,[],Red,168.0,[],bad,55.0,True,Below Average,Low Intelligence
Poison Ivy,DC Comics,Female,green,Human,Red,168.0,green,bad,50.0,True,Extremely Powerful,Super-Genius
Polaris,Marvel Comics,Female,green,Mutant,Green,170.0,[],good,52.0,False,Extremely Powerful,Average Intelligence
Power Girl,DC Comics,Female,blue,Kryptonian,blond,180.0,[],good,81.0,True,Average,Low Intelligence
Power Man,Marvel Comics,Male,[],Mutant,[],-99.0,[],good,-99.0,False,Weak,Super-Genius
Predator,Dark Horse Comics,Male,[],Yautja,[],213.0,[],bad,234.0,True,Average,Smart
Professor X,Marvel Comics,Male,blue,Mutant,No Hair,183.0,[],good,86.0,True,Above Average,Smart
Professor Zoom,DC Comics,Male,blue,Human,Strawberry Blond,180.0,[],bad,81.0,True,Below Average,Average Intelligence
Proto-Goblin,Marvel Comics,Male,green,[],Blond,-99.0,[],bad,-99.0,False,Average,Genius
Psylocke,Marvel Comics,Female,blue,Mutant,Purple,180.0,[],good,70.0,False,Average,Low Intelligence
Punisher,Marvel Comics,Male,blue,Human,Black,183.0,[],good,90.0,False,Weak,Average Intelligence
Purple Man,Marvel Comics,Male,purple,Human,Purple,180.0,purple,bad,74.0,True,Weak,Super-Genius
Pyro,Marvel Comics,Male,blue,[],Blond,178.0,[],bad,68.0,False,Extremely Powerful,Genius
Q,Star Trek,Male,[],God / Eternal,[],-99.0,[],[],-99.0,False,Below Average,Genius
Quantum,HarperCollins,Male,[],[],[],-99.0,[],good,-99.0,False,Above Average,Super-Genius
Question,DC Comics,Male,blue,Human,Blond,188.0,[],good,83.0,False,Weak,Genius
Quicksilver,Marvel Comics,Male,blue,Mutant,Silver,183.0,[],good,79.0,True,Below Average,Super-Genius
Quill,Marvel Comics,Male,brown,[],Brown,163.0,[],good,56.0,True,Weak,Smart
Ra's Al Ghul,DC Comics,Male,green,Human,Grey,193.0,[],bad,97.0,False,Weak,Low Intelligence
Rachel Pirzad,SyFy,Female,[],Alpha,[],-99.0,[],good,-99.0,True,Weak,Smart
Raphael,IDW Publishing,Male,[],Mutant,No Hair,-99.0,green,good,-99.0,False,Extremely Powerful,Genius
Raven,DC Comics,Female,indigo,Human,Black,165.0,[],neutral,50.0,True,Extremely Powerful,Smart
Ray,DC Comics,Male,green,Human,Red,178.0,[],good,70.0,False,Extremely Powerful,Low Intelligence
Razor-Fist II,Marvel Comics,Male,blue,[],No Hair,191.0,[],bad,117.0,False,Below Average,Super-Genius
Red Arrow,DC Comics,Male,green,Human,Red,180.0,[],good,83.0,False,Extremely Powerful,Low Intelligence
Red Hood,DC Comics,Male,blue,Human,Black,183.0,[],neutral,81.0,True,Average,Genius
Red Hulk,Marvel Comics,Male,yellow,Human / Radiation,Black,213.0,red,neutral,630.0,True,Above Average,Super-Genius
Red Mist,Icon Comics,Male,[],[],[],-99.0,[],bad,-99.0,True,Average,Genius
Red Robin,DC Comics,Male,blue,Human,Black,165.0,[],good,56.0,True,Average,Genius
Red Skull,Marvel Comics,Male,blue,[],No Hair,188.0,[],bad,108.0,False,Above Average,Super-Genius
Red Tornado,DC Comics,Male,green,Android,No Hair,185.0,[],good,146.0,True,Weak,Super-Genius
Redeemer II,Image Comics,Male,[],[],[],-99.0,[],bad,-99.0,True,Weak,Smart
Redeemer III,Image Comics,Male,[],[],[],-99.0,[],bad,-99.0,False,Above Average,Average Intelligence
Renata Soliz,HarperCollins,Female,[],[],[],-99.0,[],good,-99.0,False,Above Average,Average Intelligence
Rey,George Lucas,Female,hazel,Human,Brown,297.0,[],good,-99.0,True,Average,Super-Genius
Rhino,Marvel Comics,Male,brown,Human / Radiation,Brown,196.0,[],bad,320.0,True,Average,Smart
Rick Flag,DC Comics,Male,blue,[],Brown,185.0,[],bad,85.0,False,Below Average,Smart
Riddler,DC Comics,Male,[],[],[],-99.0,[],bad,-99.0,True,Average,Genius
Rip Hunter,DC Comics,Male,blue,Human,Blond,-99.0,[],good,-99.0,True,Above Average,Genius
Ripcord,Marvel Comics,Female,green,[],Black,180.0,[],good,72.0,False,Weak,Average Intelligence
Robin,DC Comics,Male,blue,Human,Black,178.0,[],good,79.0,True,Below Average,Smart
Robin II,DC Comics,Male,blue,Human,Red,183.0,[],good,101.0,False,Weak,Average Intelligence
Robin III,DC Comics,Male,blue,Human,Black,165.0,[],good,56.0,True,Average,Low Intelligence
Robin V,DC Comics,Male,blue,Human,Black,137.0,[],good,38.0,True,Below Average,Smart
Robin VI,DC Comics,Female,green,Human,Red,-99.0,[],neutral,-99.0,True,Above Average,Low Intelligence
Rocket Raccoon,Marvel Comics,Male,brown,Animal,Brown,122.0,[],good,25.0,True,Above Average,Super-Genius
Rogue,Marvel Comics,Female,green,[],Brown / White,173.0,[],good,54.0,False,Below Average,Smart
Ronin,Marvel Comics,Male,blue,Human,Blond,191.0,[],good,104.0,False,Above Average,Smart
Rorschach,DC Comics,Male,blue,Human,Red,168.0,[],good,63.0,False,Below Average,Average Intelligence
Sabretooth,Marvel Comics,Male,amber,Mutant,Blond,198.0,[],bad,171.0,False,Extremely Powerful,Smart
Sage,Marvel Comics,Female,blue,[],Black,170.0,[],good,61.0,True,Above Average,Smart
Sandman,Marvel Comics,Male,brown,Human,Brown,185.0,[],neutral,203.0,True,Extremely Powerful,Super-Genius
Sasquatch,Marvel Comics,Male,red,[],Orange,305.0,[],good,900.0,True,Average,Super-Genius
Sauron,J. R. R. Tolkien,Male,[],Maiar,[],279.0,[],bad,-99.0,True,Extremely Powerful,Low Intelligence
Savage Dragon,Image Comics,Male,[],[],[],-99.0,[],good,-99.0,True,Weak,Genius
Scarecrow,DC Comics,Male,blue,Human,Brown,183.0,[],bad,63.0,False,Average,Genius
Scarlet Spider,Marvel Comics,Male,blue,Human,Blond,178.0,[],good,74.0,True,Weak,Low Intelligence
Scarlet Spider II,Marvel Comics,Male,brown,Clone,Brown,193.0,[],good,113.0,True,Average,Genius
Scarlet Witch,Marvel Comics,Female,blue,Mutant,Brown,170.0,[],bad,59.0,True,Below Average,Genius
Scorpia,Marvel Comics,Female,green,[],Red,-99.0,[],bad,-99.0,False,Below Average,Genius
Scorpion,Marvel Comics,Male,brown,Human,Brown,211.0,[],bad,310.0,False,Extremely Powerful,Average Intelligence
Sebastian Shaw,Marvel Comics,Male,[],Mutant,[],-99.0,[],bad,-99.0,True,Below Average,Average Intelligence
Sentry,Marvel Comics,Male,blue,Mutant,Blond,188.0,[],neutral,87.0,True,Extremely Powerful,Super-Genius
Shadow King,Marvel Comics,[],red,[],[],185.0,[],good,149.0,True,Above Average,Low Intelligence
Shadow Lass,DC Comics,Female,black,Talokite,Black,173.0,blue,good,54.0,False,Extremely Powerful,Super-Genius
Shadowcat,Marvel Comics,Female,hazel,Mutant,Brown,168.0,[],good,50.0,False,Average,Super-Genius
Shang-Chi,Marvel Comics,Male,brown,Human,Black,178.0,[],good,79.0,True,Below Average,Low Intelligence
Shatterstar,Marvel Comics,Male,brown,[],Red,191.0,[],good,88.0,True,Below Average,Genius
She-Hulk,Marvel Comics,Female,green,Human,Green,201.0,[],good,315.0,False,Extremely Powerful,Genius
She-Thing,Marvel Comics,Female,blue,Human / Radiation,No Hair,183.0,[],good,153.0,True,Below Average,Average Intelligence
Shocker,Marvel Comics,Male,brown,Human,Brown,175.0,[],bad,79.0,True,Extremely Powerful,Genius
Shriek,Marvel Comics,Female,yellow / blue,[],Black,173.0,[],good,52.0,True,Average,Genius
Shrinking Violet,DC Comics,Female,[],[],[],-99.0,[],good,-99.0,False,Weak,Genius
Sif,Marvel Comics,Female,blue,Asgardian,Black,188.0,[],good,191.0,False,Average,Average Intelligence
Silk,Marvel Comics,Female,brown,Human,Black,-99.0,[],good,-99.0,False,Extremely Powerful,Super-Genius
Silk Spectre,DC Comics,Female,[],[],[],-99.0,[],good,-99.0,False,Above Average,Genius
Silk Spectre II,DC Comics,Female,[],[],[],-99.0,[],good,-99.0,False,Below Average,Low Intelligence
Silver Surfer,Marvel Comics,Male,white,Alien,No Hair,193.0,silver,good,101.0,True,Extremely Powerful,Smart
Silverclaw,Marvel Comics,Female,brown,[],Black,157.0,[],good,50.0,False,Extremely Powerful,Genius
Simon Baz,DC Comics,Male,bown,Human,Black,-99.0,[],good,-99.0,False,Above Average,Low Intelligence
Sinestro,DC Comics,Male,black,Korugaran,Black,201.0,red,neutral,92.0,False,Weak,Super-Genius
Siren,DC Comics,Female,blue,Atlantean,Purple,175.0,[],bad,72.0,True,Average,Smart
Siren II,DC Comics,Female,black,[],[],-99.0,[],bad,-99.0,True,Extremely Powerful,Average Intelligence
Siryn,Marvel Comics,Female,blue,[],Strawberry Blond,168.0,[],bad,52.0,False,Weak,Low Intelligence
Skaar,Marvel Comics,Male,green,[],Black,198.0,[],good,180.0,False,Average,Average Intelligence
Snake-Eyes,Marvel Comics,Male,[],Animal,[],-99.0,[],bad,-99.0,False,Below Average,Super-Genius
Snowbird,Marvel Comics,Female,white,[],Blond,178.0,[],good,49.0,True,Above Average,Super-Genius
Sobek,DC Comics,Male,white,[],No Hair,-99.0,[],good,-99.0,True,Average,Average Intelligence
Solomon Grundy,DC Comics,Male,black,Zombie,White,279.0,[],bad,437.0,False,Average,Genius
Songbird,Marvel Comics,Female,green,[],Red / White,165.0,[],good,65.0,False,Below Average,Super-Genius
Space Ghost,DC Comics,Male,[],Human,[],188.0,[],good,113.0,True,Below Average,Smart
Spawn,Image Comics,Male,brown,Demon,Black,211.0,[],good,405.0,True,Above Average,Smart
Spectre,DC Comics,Male,white,God / Eternal,No Hair,-99.0,white,good,-99.0,False,Below Average,Smart
Speedball,Marvel Comics,Male,[],[],[],-99.0,[],good,-99.0,False,Below Average,Smart
Speedy,DC Comics,['Female' 'Male'],green,Human,Brown,-99.0,[],good,-99.0,False,['Above Average' 'Weak'],['Low Intelligence' 'Smart']
Spider-Carnage,Marvel Comics,Male,[],Symbiote,[],-99.0,[],bad,-99.0,True,Extremely Powerful,Average Intelligence
Spider-Girl,Marvel Comics,Female,blue,Human,Brown,170.0,[],good,54.0,False,Extremely Powerful,Super-Genius
Spider-Gwen,Marvel Comics,Female,blue,Human,Blond,165.0,[],good,56.0,True,Above Average,Smart
Spider-Man,Marvel Comics,Male,['brown' 'hazel' 'red'],Human,Brown,178.0,[],good,[56. 74. 77.],True,['Above Average' 'Average' 'Weak'],Super-Genius
Spider-Woman,Marvel Comics,Female,green,Human,Black,178.0,[],good,59.0,True,Average,Smart
Spider-Woman II,Marvel Comics,Female,[],[],[],-99.0,[],good,-99.0,True,Average,Genius
Spider-Woman III,Marvel Comics,Female,brown,[],Brown,173.0,[],good,55.0,True,Average,Low Intelligence
Spider-Woman IV,Marvel Comics,Female,red,[],White,178.0,[],bad,58.0,False,Weak,Low Intelligence
Spock,Star Trek,Male,brown,Human-Vulcan,Black,185.0,[],good,81.0,False,Weak,Genius
Spyke,Marvel Comics,Male,brown,Mutant,Blond,183.0,[],good,83.0,False,Above Average,Super-Genius
Stacy X,Marvel Comics,Female,[],[],[],-99.0,[],good,-99.0,False,Weak,Genius
Star-Lord,Marvel Comics,Male,blue,Human-Spartoi,Blond,188.0,[],good,79.0,False,Extremely Powerful,Smart
Stardust,Marvel Comics,Male,[],[],[],-99.0,[],good,-99.0,False,Above Average,Average Intelligence
Starfire,DC Comics,Female,green,Tamaranean,Auburn,193.0,orange,good,71.0,False,Average,Super-Genius
Stargirl,DC Comics,Female,blue,Human,Blond,165.0,[],good,62.0,False,Extremely Powerful,Smart
Static,DC Comics,Male,brown,Mutant,Black,170.0,[],good,63.0,True,Below Average,Smart
Steel,DC Comics,Male,brown,[],No Hair,201.0,[],good,131.0,True,Above Average,Average Intelligence
Stephanie Powell,ABC Studios,Female,[],[],Blond,-99.0,[],good,-99.0,False,Above Average,Super-Genius
Steppenwolf,DC Comics,Male,red,New God,Black,183.0,white,bad,91.0,False,Weak,Smart
Storm,Marvel Comics,Female,blue,Mutant,White,180.0,[],good,57.0,True,Below Average,Genius
Stormtrooper,George Lucas,Male,[],Human,[],183.0,[],bad,-99.0,True,Average,Average Intelligence
Sunspot,Marvel Comics,Male,brown,Mutant,black,173.0,[],good,77.0,True,Extremely Powerful,Low Intelligence
Superboy,DC Comics,Male,blue,[],Black,170.0,[],good,68.0,True,Average,Low Intelligence
Superboy-Prime,DC Comics,Male,blue,Kryptonian,Black / Blue,180.0,[],bad,77.0,True,Weak,Average Intelligence
Supergirl,DC Comics,Female,blue,Kryptonian,Blond,165.0,[],good,54.0,False,Above Average,Low Intelligence
Superman,DC Comics,Male,blue,Kryptonian,Black,191.0,[],good,101.0,False,Weak,Super-Genius
Swamp Thing,DC Comics,Male,red,God / Eternal,No Hair,-99.0,green,bad,-99.0,False,Above Average,Super-Genius
Swarm,Marvel Comics,Male,yellow,Mutant,No Hair,196.0,yellow,bad,47.0,True,Average,Smart
Sylar,NBC - Heroes,Male,[],[],[],-99.0,[],bad,-99.0,True,Below Average,Low Intelligence
Synch,Marvel Comics,Male,brown,[],Black,180.0,[],good,74.0,False,Below Average,Genius
T-1000,Dark Horse Comics,Male,[],Android,[],183.0,silver,bad,146.0,True,Weak,Genius
T-800,Dark Horse Comics,Male,red,Cyborg,[],-99.0,[],bad,176.0,False,Above Average,Genius
T-850,Dark Horse Comics,Male,red,Cyborg,[],-99.0,[],bad,198.0,True,Extremely Powerful,Smart
T-X,Dark Horse Comics,Female,[],Cyborg,[],-99.0,silver,bad,149.0,False,Average,Low Intelligence
Taskmaster,Marvel Comics,Male,brown,Human,Brown,188.0,[],bad,99.0,False,Weak,Genius
Tempest,Marvel Comics,Female,brown,[],Black,163.0,[],good,54.0,False,Average,Low Intelligence
Thanos,Marvel Comics,Male,red,Eternal,No Hair,201.0,purple,bad,443.0,True,Average,Low Intelligence
The Comedian,DC Comics,Male,brown,Human,Black,188.0,[],neutral,101.0,False,Above Average,Low Intelligence
Thing,Marvel Comics,Male,blue,Human / Radiation,No Hair,183.0,[],good,225.0,True,Average,Average Intelligence
Thor,Marvel Comics,Male,blue,Asgardian,Blond,198.0,[],good,288.0,False,Above Average,Genius
Thor Girl,Marvel Comics,Female,blue,Asgardian,Blond,175.0,[],good,143.0,True,Extremely Powerful,Genius
Thunderbird,Marvel Comics,Male,brown,[],Black,185.0,[],good,101.0,False,Weak,Low Intelligence
Thunderbird II,Marvel Comics,Male,[],[],[],-99.0,[],good,-99.0,True,Above Average,Average Intelligence
Thunderbird III,Marvel Comics,Male,brown,[],Black,175.0,[],good,74.0,True,Extremely Powerful,Low Intelligence
Thunderstrike,Marvel Comics,Male,blue,[],Blond,198.0,[],good,288.0,False,Above Average,Average Intelligence
Thundra,Marvel Comics,Female,green,[],Red,218.0,[],good,158.0,True,Average,Average Intelligence
Tiger Shark,Marvel Comics,Male,grey,Human,No Hair,185.0,grey,bad,203.0,True,Below Average,Super-Genius
Tigra,Marvel Comics,Female,green,[],Auburn,178.0,[],good,81.0,True,Average,Smart
Tinkerer,Marvel Comics,Male,brown,[],White,163.0,[],bad,54.0,True,Average,Average Intelligence
Titan,HarperCollins,Male,[],[],[],-99.0,[],good,-99.0,True,Extremely Powerful,Low Intelligence
Toad,Marvel Comics,Male,black,Mutant,Brown,175.0,green,neutral,76.0,False,Average,Genius
Toxin,Marvel Comics,Male,['black' 'blue'],Symbiote,['Blond' 'Brown'],[188. 191.],[],good,[ 97. 117.],[False  True],['Above Average' 'Extremely Powerful'],['Smart' 'Super-Genius']
Tracy Strauss,NBC - Heroes,Female,[],[],[],-99.0,[],good,-99.0,True,Weak,Super-Genius
Trickster,DC Comics,Male,blue,Human,Blond,183.0,[],[],81.0,True,Extremely Powerful,Super-Genius
Trigon,DC Comics,Male,yellow,God / Eternal,Black,-99.0,red,bad,-99.0,False,Above Average,Low Intelligence
Triplicate Girl,DC Comics,Female,purple,[],Brown,168.0,[],good,59.0,True,Weak,Smart
Triton,Marvel Comics,Male,green,Inhuman,No Hair,188.0,green,good,86.0,True,Weak,Average Intelligence
Two-Face,DC Comics,Male,[],[],[],183.0,[],bad,82.0,False,Above Average,Low Intelligence
Ultragirl,Marvel Comics,Female,blue,[],Blond,168.0,[],good,105.0,False,Above Average,Average Intelligence
Ultron,Marvel Comics,Male,red,Android,[],206.0,silver,bad,331.0,True,Below Average,Low Intelligence
Utgard-Loki,Marvel Comics,Male,blue,Frost Giant,White,15.2,[],bad,58.0,False,Above Average,Super-Genius
Vagabond,Marvel Comics,Female,blue,[],Strawberry Blond,168.0,[],good,54.0,False,Above Average,Average Intelligence
Valerie Hart,Team Epic TV,Female,hazel,[],Black,175.0,[],good,56.0,False,Weak,Super-Genius
Valkyrie,Marvel Comics,Female,blue,[],Blond,191.0,[],good,214.0,False,Extremely Powerful,Low Intelligence
Vanisher,Marvel Comics,Male,green,[],No Hair,165.0,[],bad,79.0,False,Weak,Smart
Vegeta,Shueisha,Male,[],Saiyan,Black,168.0,[],bad,73.0,True,Weak,Average Intelligence
Venom,Marvel Comics,Male,blue,Symbiote,Strawberry Blond,191.0,[],bad,117.0,False,Below Average,Average Intelligence
Venom II,Marvel Comics,Male,brown,[],Black,175.0,[],bad,50.0,False,Weak,Genius
Venom III,Marvel Comics,Male,brown,Symbiote,Brown,229.0,[],bad,334.0,True,Above Average,Smart
Venompool,Marvel Comics,Male,[],Symbiote,[],226.0,[],[],-99.0,False,Above Average,Super-Genius
Vertigo II,Marvel Comics,Female,blue,[],Silver,168.0,[],good,52.0,True,Weak,Genius
Vibe,DC Comics,Male,brown,Human,Black,178.0,[],good,71.0,False,Extremely Powerful,Smart
Vindicator,Marvel Comics,['Female' 'Male'],green,Human,Red,[-99. 165.],[],good,[-99.  54.],[False  True],Above Average,Super-Genius
Violator,Image Comics,Male,[],[],[],-99.0,[],bad,-99.0,True,Below Average,Smart
Violet Parr,Dark Horse Comics,Female,violet,Human,Black,137.0,[],good,41.0,True,Weak,Genius
Vision,Marvel Comics,Male,gold,Android,No Hair,191.0,red,good,135.0,True,Average,Super-Genius
Vision II,Marvel Comics,[],red,[],No Hair,191.0,[],good,135.0,False,Extremely Powerful,Smart
Vixen,DC Comics,Female,amber,Human,Black,175.0,[],good,63.0,False,Average,Average Intelligence
Vulcan,Marvel Comics,Male,black,[],Black,-99.0,[],good,-99.0,False,Above Average,Super-Genius
Vulture,Marvel Comics,Male,brown,Human,No Hair,180.0,[],bad,79.0,False,Average,Average Intelligence
Walrus,Marvel Comics,Male,blue,Human,Black,183.0,[],bad,162.0,True,Below Average,Average Intelligence
War Machine,Marvel Comics,Male,brown,Human,Brown,185.0,[],good,95.0,False,Average,Low Intelligence
Warbird,Marvel Comics,Female,blue,[],Blond,180.0,[],good,54.0,False,Above Average,Genius
Warlock,Marvel Comics,Male,red,[],Blond,188.0,[],good,108.0,True,Weak,Genius
Warp,DC Comics,Male,brown,[],Black,173.0,[],bad,67.0,False,Extremely Powerful,Average Intelligence
Warpath,Marvel Comics,Male,brown,Mutant,Black,218.0,[],good,158.0,True,Average,Genius
Wasp,Marvel Comics,Female,blue,Human,Auburn,163.0,[],good,50.0,False,Weak,Super-Genius
Watcher,Marvel Comics,Male,[],[],[],-99.0,[],good,-99.0,False,Average,Low Intelligence
Weapon XI,Marvel Comics,Male,[],[],[],-99.0,[],bad,-99.0,False,Below Average,Super-Genius
White Canary,DC Comics,Female,brown,Human,Black,-99.0,[],bad,-99.0,False,Below Average,Low Intelligence
White Queen,Marvel Comics,Female,blue,[],Blond,178.0,[],good,65.0,True,Weak,Average Intelligence
Wildfire,DC Comics,Male,[],[],[],-99.0,[],good,-99.0,True,Below Average,Smart
Winter Soldier,Marvel Comics,Male,brown,Human,Brown,175.0,[],good,117.0,True,Below Average,Low Intelligence
Wiz Kid,Marvel Comics,[],brown,[],Black,140.0,[],good,39.0,False,Weak,Genius
Wolfsbane,Marvel Comics,Female,green,[],Auburn,366.0,[],good,473.0,True,Average,Super-Genius
Wolverine,Marvel Comics,Male,blue,Mutant,Black,160.0,[],good,135.0,False,Above Average,Super-Genius
Wonder Girl,DC Comics,Female,blue,Demi-God,Blond,165.0,[],good,51.0,True,Weak,Super-Genius
Wonder Man,Marvel Comics,Male,red,[],Black,188.0,[],good,171.0,False,Average,Genius
Wonder Woman,DC Comics,Female,blue,Amazon,Black,183.0,[],good,74.0,False,Above Average,Low Intelligence
Wondra,Marvel Comics,Female,[],[],[],-99.0,[],good,-99.0,False,Above Average,Smart
Wyatt Wingfoot,Marvel Comics,Male,brown,[],Black,196.0,[],good,117.0,True,Extremely Powerful,Super-Genius
X-23,Marvel Comics,Female,green,Mutant / Clone,Black,155.0,[],good,50.0,False,Weak,Average Intelligence
X-Man,Marvel Comics,Male,blue,[],Brown,175.0,[],good,61.0,False,Below Average,Low Intelligence
Yellow Claw,Marvel Comics,Male,blue,[],No Hair,188.0,[],bad,95.0,True,Extremely Powerful,Super-Genius
Yellowjacket,Marvel Comics,Male,blue,Human,Blond,183.0,[],good,83.0,False,Above Average,Average Intelligence
Yellowjacket II,Marvel Comics,Female,blue,Human,Strawberry Blond,165.0,[],good,52.0,True,Below Average,Genius
Ymir,Marvel Comics,Male,white,Frost Giant,No Hair,304.8,white,good,-99.0,True,Extremely Powerful,Smart
Yoda,George Lucas,Male,brown,Yoda's species,White,66.0,green,good,17.0,False,Above Average,Super-Genius
Zatanna,DC Comics,Female,blue,Human,Black,170.0,[],good,57.0,True,Average,Smart
Zoom,DC Comics,Male,red,[],Brown,185.0,[],bad,81.0,True,Below Average,Genius
